DAM_ID,STORAGE,STORAGE_START,STORAGE_END,DATA_SOURCE,INFLOW,INFLOW_START,INFLOW_END,DATA_SOURCE.1,OUTFLOW,OUTFLOW_START,OUTFLOW_END,DATA_SOURCE.2,ELEVATION,ELEVATION_START,ELEVATION_END,DATA_SOURCE.3,EVAPORATION,EVAPORATION_START,EVAPORATION_END,DATA_SOURCE.4
41,1,10/1/70,8/31/20,SCL,1,10/1/70,8/31/20,SCL,1,1/1/90,8/31/20,SCL,1,10/1/70,8/31/20,SCL,0,NA,NA,NA
42,1,10/1/70,8/31/20,SCL,1,10/1/70,8/31/20,SCL,1,1/1/90,8/31/20,SCL,1,10/1/70,8/31/20,SCL,0,NA,NA,NA
54,1,10/1/15,12/31/20,BOR_PN,0,NA,NA,NA,1,1/1/80,12/31/20,BOR_PN,0,NA,NA,NA,0,NA,NA,NA
55,1,1/1/65,12/31/20,BOR_PN,1,1/1/65,12/31/20,BOR_PN,1,1/1/65,12/31/20,BOR_PN,0,NA,NA,NA,0,NA,NA,NA
56,1,1/1/90,12/31/20,ACE_SEA,0,NA,NA,NA,1,1/1/80,12/31/20,usgs_12105900,1,1/1/90,12/31/20,ACE_SEA,0,NA,NA,NA
57,1,1/1/65,12/31/20,BOR_PN,1,1/1/65,12/31/20,BOR_PN,1,1/1/65,12/31/20,BOR_PN,0,NA,NA,NA,0,NA,NA,NA
59,1,10/1/04,12/31/20,usgs_12101000,0,NA,NA,NA,0,NA,NA,NA,0,NA,NA,NA,0,NA,NA,NA
60,1,1/1/65,12/31/20,BOR_PN,1,1/1/65,12/31/20,BOR_PN,1,1/1/65,12/31/20,BOR_PN,0,NA,NA,NA,0,NA,NA,NA
63,1,1/1/65,12/31/20,BOR_PN,1,1/1/65,12/31/20,BOR_PN,1,1/1/65,12/31/20,BOR_PN,0,NA,NA,NA,0,NA,NA,NA
72,1,10/1/76,12/31/20,BOR_PN,0,NA,NA,NA,0,NA,NA,NA,0,NA,NA,NA,0,NA,NA,NA
78,1,12/29/75,12/31/20,BOR_PN,1,5/7/01,12/31/20,BOR_PN,1,5/7/01,12/31/20,BOR_PN,0,NA,NA,NA,0,NA,NA,NA
80,1,12/15/70,12/31/20,ACE_POR,0,NA,NA,NA,1,12/15/70,12/31/20,usgs_14159500,1,12/15/70,12/31/20,ACE_POR,0,NA,NA,NA
83,1,12/15/70,5/26/20,ACE_POR,0,NA,NA,ACE_POR,0,NA,NA,NA,1,12/15/70,5/26/20,ACE_POR,0,NA,NA,NA
85,1,12/15/70,12/31/20,ACE_POR,0,NA,NA,NA,1,8/1/73,12/31/20,usgs_14187200,1,12/15/70,12/31/20,ACE_POR,0,NA,NA,NA
87,1,1/31/65,12/31/20,BOR_PN,0,NA,NA,NA,1,1/1/65,12/31/20,BOR_PN,0,NA,NA,NA,0,NA,NA,NA
88,1,11/1/74,12/31/20,ACE_POR,0,NA,NA,NA,1,11/1/74,12/31/20,usgs_14162200,1,11/1/74,12/31/20,ACE_POR,0,NA,NA,NA
89,1,1/1/71,12/31/20,ACE_POR,0,NA,NA,NA,1,1/1/71,12/31/20,usgs_14159500,1,1/1/71,12/31/20,ACE_POR,0,NA,NA,NA
90,1,1/1/75,12/31/20,ACE_POR,0,NA,NA,NA,1,1/1/75,12/31/20,usgs_14169000,1,1/1/75,12/31/20,ACE_POR,0,NA,NA,NA
91,1,10/1/73,12/31/20,BOR_PN,0,NA,NA,NA,0,NA,NA,NA,0,NA,NA,NA,0,NA,NA,NA
92,1,1/1/82,12/31/20,ACE_POR,0,NA,NA,NA,1,1/1/80,12/31/20,usgs_14151000,1,1/1/82,12/31/20,ACE_POR,0,NA,NA,NA
93,1,1/1/61,12/31/20,ACE_POR,0,NA,NA,NA,1,1/1/61,12/31/20,usgs_14150000,1,1/1/61,12/31/20,ACE_POR,0,NA,NA,NA
94,1,1/1/71,5/26/20,ACE_POR,0,NA,NA,ACE_POR,0,NA,NA,NA,1,1/1/71,5/26/20,ACE_POR,0,NA,NA,NA
97,1,11/1/74,12/31/20,ACE_POR,0,NA,NA,NA,1,11/1/74,12/31/20,usgs_14155500,1,11/1/74,12/31/20,ACE_POR,0,NA,NA,NA
98,1,1/31/65,12/31/20,BOR_PN,0,NA,NA,NA,0,NA,NA,NA,0,NA,NA,NA,0,NA,NA,NA
99,1,11/1/74,12/31/20,ACE_POR,0,NA,NA,NA,1,11/1/74,12/31/20,usgs_14153500,1,11/1/74,12/31/20,ACE_POR,0,NA,NA,NA
100,1,1/1/63,12/31/20,ACE_POR,0,NA,NA,NA,1,1/1/63,12/31/20,usgs_14145500,1,1/1/63,12/31/20,ACE_POR,0,NA,NA,NA
101,1,1/31/65,12/31/20,BOR_PN,0,NA,NA,NA,0,NA,NA,NA,0,NA,NA,NA,0,NA,NA,NA
102,1,1/31/65,12/31/20,BOR_PN,0,NA,NA,NA,0,NA,NA,NA,0,NA,NA,NA,0,NA,NA,NA
107,1,2/28/77,12/31/20,ACE_POR,0,NA,NA,NA,1,2/28/77,12/31/20,usgs_14337600,1,2/28/77,12/31/20,ACE_POR,0,NA,NA,NA
108,1,10/31/65,12/31/20,BOR_PN,0,NA,NA,NA,0,NA,NA,NA,0,NA,NA,NA,0,NA,NA,NA
111,1,5/6/66,12/31/20,BOR_PN,1,11/4/00,12/31/20,BOR_PN,1,4/3/06,12/31/20,BOR_PN,0,NA,NA,NA,0,NA,NA,NA
113,1,4/29/66,12/31/20,BOR_PN,1,4/27/01,12/31/20,BOR_PN,1,4/16/01,12/31/20,BOR_PN,0,NA,NA,NA,0,NA,NA,NA
114,1,4/5/66,12/31/20,BOR_PN,1,2/17/89,12/31/20,BOR_PN,1,10/5/88,12/31/20,BOR_PN,0,NA,NA,NA,0,NA,NA,NA
116,1,1/1/90,12/31/20,ACE_POR,0,NA,NA,NA,1,1/1/80,12/31/20,usgs_14362000,1,1/1/90,12/31/20,ACE_POR,0,NA,NA,NA
119,1,8/31/96,7/9/20,CDEC,0,NA,NA,NA,0,NA,NA,CDEC,0,NA,NA,CDEC,0,NA,NA,NA
124,1,1/13/20,12/31/20,CDEC,0,NA,NA,NA,0,NA,NA,CDEC,0,NA,NA,CDEC,0,NA,NA,NA
126,1,12/31/19,6/30/20,CDEC,0,NA,NA,NA,0,NA,NA,CDEC,1,12/31/19,6/30/20,CDEC,0,NA,NA,NA
131,1,1/1/65,12/31/20,CDEC,1,1/1/65,12/31/20,CDEC,1,1/1/65,12/31/20,CDEC,0,NA,NA,NA,0,NA,NA,NA
132,1,1/1/85,12/31/20,CDEC,1,1/1/45,12/31/20,BOR,1,1/5/87,12/31/20,CDEC,0,NA,NA,NA,0,NA,NA,NA
133,1,5/3/63,12/31/20,BOR,1,4/1/64,12/31/20,BOR,1,1/1/90,12/31/20,CDEC,0,NA,NA,NA,0,NA,NA,NA
135,1,1/2/85,7/15/03,CDEC,1,1/3/94,7/15/03,CDEC,1,10/4/93,7/15/03,CDEC,0,NA,NA,NA,0,NA,NA,NA
136,1,2/1/01,12/31/20,CDEC,0,NA,NA,NA,0,NA,NA,NA,0,NA,NA,NA,0,NA,NA,NA
137,1,1/1/85,1/1/21,CDEC,0,NA,NA,NA,0,NA,NA,CDEC,0,NA,NA,CDEC,0,NA,NA,NA
138,1,1/1/85,12/31/20,CDEC,1,1/3/94,12/31/20,CDEC,1,10/4/93,12/31/20,CDEC,0,NA,NA,CDEC,0,NA,NA,NA
139,1,4/21/85,12/31/20,CDEC,0,NA,NA,NA,0,NA,NA,CDEC,0,NA,NA,CDEC,0,NA,NA,NA
140,1,4/21/85,12/31/20,CDEC,0,NA,NA,NA,0,NA,NA,CDEC,0,NA,NA,CDEC,0,NA,NA,NA
141,1,1/1/85,1/1/21,CDEC,0,NA,NA,NA,0,NA,NA,CDEC,0,NA,NA,CDEC,0,NA,NA,NA
142,1,8/6/88,1/1/21,CDEC,0,NA,NA,NA,0,NA,NA,NA,0,NA,NA,NA,0,NA,NA,NA
144,1,1/1/85,1/1/21,CDEC,1,1/2/94,1/1/21,CDEC,1,10/1/93,1/1/21,CDEC,0,NA,NA,NA,0,NA,NA,NA
145,1,4/21/85,12/31/20,CDEC,0,NA,NA,NA,0,NA,NA,CDEC,0,NA,NA,CDEC,0,NA,NA,NA
146,1,10/2/17,1/1/21,CDEC,0,NA,NA,NA,0,NA,NA,CDEC,0,NA,NA,CDEC,0,NA,NA,NA
147,1,4/21/85,12/31/20,CDEC,0,NA,NA,NA,0,NA,NA,NA,0,NA,NA,NA,0,NA,NA,NA
148,1,2/13/85,1/1/21,CDEC,1,1/1/94,1/1/21,CDEC,1,1/5/87,1/1/21,CDEC,0,NA,NA,NA,0,NA,NA,NA
151,1,1/1/80,12/31/20,usgs_10344300,0,NA,NA,NA,1,1/1/80,12/31/20,usgs_10344400,0,NA,NA,NA,0,NA,NA,NA
152,1,1/1/85,12/31/20,CDEC,0,NA,NA,NA,0,NA,NA,CDEC,0,NA,NA,CDEC,0,NA,NA,NA
153,1,11/10/88,12/31/20,usgs_10342900,0,NA,NA,NA,1,1/1/80,12/31/20,usgs_10343000,0,NA,NA,NA,0,NA,NA,NA
156,1,3/27/07,12/31/20,CDEC,0,NA,NA,NA,0,NA,NA,CDEC,0,NA,NA,CDEC,0,NA,NA,NA
157,1,1/1/80,12/31/20,usgs_10344490,0,NA,NA,NA,1,1/1/80,12/31/20,usgs_10344500,0,NA,NA,NA,0,NA,NA,NA
158,1,1/2/85,12/31/20,CDEC,1,1/1/94,12/31/20,CDEC,1,10/1/93,12/31/20,CDEC,0,NA,NA,CDEC,0,NA,NA,NA
159,1,12/31/19,7/10/20,CDEC,0,NA,NA,NA,0,NA,NA,CDEC,1,12/31/19,7/10/20,CDEC,0,NA,NA,NA
160,1,10/2/87,12/31/20,usgs_10340300,0,NA,NA,NA,1,1/1/80,12/31/20,usgs_10340500,0,NA,NA,NA,0,NA,NA,NA
161,1,1/2/01,1/1/21,CDEC,0,NA,NA,NA,0,NA,NA,CDEC,0,NA,NA,CDEC,0,NA,NA,NA
162,1,1/1/20,12/31/20,CDEC,0,NA,NA,NA,0,NA,NA,NA,0,NA,NA,NA,0,NA,NA,NA
163,1,1/1/90,9/30/15,DUKE,1,1/1/90,9/30/15,DUKE,1,1/1/90,9/30/15,DUKE,1,1/1/90,9/30/15,DUKE,0,NA,NA,NA
165,1,1/5/89,12/31/20,usgs_10338400,0,NA,NA,NA,1,1/1/80,12/31/20,usgs_10338500,0,NA,NA,NA,0,NA,NA,NA
166,1,1/31/95,12/31/20,CDEC,0,NA,NA,NA,0,NA,NA,CDEC,0,NA,NA,CDEC,0,NA,NA,NA
168,1,1/1/85,1/1/21,CDEC,1,1/2/94,1/1/21,CDEC,1,1/1/80,1/1/21,usgs_11418000,1,1/1/90,1/1/21,ACE_SAC,0,NA,NA,NA
169,1,1/1/85,1/1/21,CDEC,1,1/2/94,1/1/21,CDEC,1,1/1/80,1/1/21,usgs_11461000,1,1/1/90,1/1/21,ACE_SAN,0,NA,NA,NA
172,1,1/31/95,12/31/20,CDEC,0,NA,NA,NA,0,NA,NA,NA,0,NA,NA,NA,0,NA,NA,NA
173,1,1/8/89,12/31/20,CDEC,1,11/7/94,12/31/20,CDEC,1,1/2/94,12/31/20,CDEC,0,NA,NA,NA,0,NA,NA,NA
174,1,1/31/95,12/31/20,CDEC,0,NA,NA,NA,0,NA,NA,CDEC,0,NA,NA,CDEC,0,NA,NA,NA
176,1,1/10/88,1/1/21,CDEC,0,NA,NA,NA,0,NA,NA,CDEC,0,NA,NA,CDEC,0,NA,NA,NA
177,1,1/31/95,7/31/04,CDEC,0,NA,NA,NA,0,NA,NA,NA,0,NA,NA,NA,0,NA,NA,NA
178,1,7/24/88,1/1/21,CDEC,0,NA,NA,NA,0,NA,NA,CDEC,0,NA,NA,CDEC,0,NA,NA,NA
179,1,7/24/88,1/1/21,CDEC,1,5/19/16,1/1/21,CDEC,0,NA,NA,CDEC,0,NA,NA,CDEC,0,NA,NA,NA
180,1,8/9/88,1/1/21,CDEC,1,1/2/94,1/1/21,CDEC,1,1/2/94,1/1/21,CDEC,0,NA,NA,NA,0,NA,NA,NA
182,1,3/1/55,12/31/20,BOR,1,3/1/55,12/31/20,BOR,1,1/5/87,12/31/20,CDEC,1,3/1/55,12/31/20,BOR,0,NA,NA,NA
183,1,1/31/95,1/1/21,CDEC,0,NA,NA,NA,0,NA,NA,NA,0,NA,NA,NA,0,NA,NA,NA
184,1,1/1/20,12/31/20,CDEC,0,NA,NA,NA,0,NA,NA,CDEC,0,NA,NA,CDEC,0,NA,NA,NA
185,1,1/11/57,12/31/20,BOR,1,10/1/75,12/31/20,BOR,1,10/4/93,12/31/20,CDEC,1,7/1/75,12/31/20,BOR,0,NA,NA,NA
186,1,1/1/85,12/31/20,CDEC,0,NA,NA,NA,0,NA,NA,CDEC,0,NA,NA,CDEC,0,NA,NA,NA
190,1,1/2/85,12/31/20,CDEC,1,1/2/94,12/31/20,CDEC,1,10/4/93,12/31/20,CDEC,0,NA,NA,NA,0,NA,NA,NA
191,1,1/2/85,12/31/20,CDEC,1,1/2/94,12/31/20,CDEC,1,10/3/93,12/31/20,CDEC,0,NA,NA,NA,0,NA,NA,NA
192,1,1/1/80,12/31/20,BOR,0,NA,NA,NA,1,1/1/80,12/31/20,CDEC,0,NA,NA,NA,0,NA,NA,NA
193,1,1/1/85,1/1/21,CDEC,1,1/2/94,1/1/21,CDEC,1,10/1/93,1/1/21,CDEC,0,NA,NA,NA,0,NA,NA,NA
198,1,2/14/85,12/31/20,CDEC,1,1/1/90,12/31/20,CDEC,1,1/5/87,12/31/20,CDEC,0,NA,NA,NA,0,NA,NA,NA
201,1,9/30/19,7/10/20,CDEC,0,NA,NA,NA,0,NA,NA,CDEC,1,9/30/19,7/10/20,CDEC,0,NA,NA,NA
203,1,8/9/88,12/31/20,DUKE,1,1/2/94,12/31/20,DUKE,1,10/1/93,12/31/20,DUKE,0,NA,NA,DUKE,0,NA,NA,NA
204,1,1/1/80,12/31/20,usgs_11299995,1,10/1/79,12/31/20,BOR,1,1/1/80,12/31/20,CDEC,0,NA,NA,BOR,0,NA,NA,NA
210,1,1/1/80,1/1/21,usgs_11287500,1,1/2/94,1/1/21,CDEC,1,1/1/80,1/1/21,CDEC,0,NA,NA,NA,0,NA,NA,NA
213,1,9/15/16,12/31/20,CDEC,0,NA,NA,NA,0,NA,NA,CDEC,0,NA,NA,CDEC,0,NA,NA,NA
214,1,1/1/85,1/1/21,CDEC,1,1/2/94,1/1/21,CDEC,1,10/3/93,1/1/21,CDEC,0,NA,NA,NA,0,NA,NA,NA
216,1,12/26/15,12/31/20,CDEC,0,NA,NA,NA,0,NA,NA,NA,0,NA,NA,NA,0,NA,NA,NA
223,1,12/31/84,7/10/20,CDEC,1,1/2/94,7/10/20,CDEC,1,10/1/93,7/10/20,CDEC,1,12/31/84,7/10/20,CDEC,1,1/2/94,7/10/20,CDEC
230,1,12/25/15,6/25/19,CDEC,0,NA,NA,NA,0,NA,NA,CDEC,1,12/25/15,6/25/19,CDEC,0,NA,NA,NA
250,0,NA,NA,NA,0,NA,NA,NA,0,NA,NA,NA,1,1/1/74,1/2/19,CAN,0,NA,NA,NA
257,0,NA,NA,NA,0,NA,NA,NA,0,NA,NA,NA,1,5/3/18,12/31/19,CAN,0,NA,NA,NA
262,0,NA,NA,NA,0,NA,NA,NA,0,NA,NA,NA,1,1/1/96,6/12/03,CAN,0,NA,NA,NA
265,0,NA,NA,NA,0,NA,NA,NA,0,NA,NA,NA,1,5/27/70,12/31/19,CAN,0,NA,NA,NA
268,0,NA,NA,NA,0,NA,NA,NA,0,NA,NA,NA,1,5/1/67,12/31/19,CAN,0,NA,NA,NA
279,0,NA,NA,NA,0,NA,NA,NA,1,10/1/37,12/31/68,CAN,0,NA,NA,NA,0,NA,NA,NA
282,0,NA,NA,NA,0,NA,NA,NA,0,NA,NA,NA,1,1/1/69,12/31/88,CAN,0,NA,NA,NA
288,0,NA,NA,NA,0,NA,NA,NA,1,10/1/65,12/31/70,CAN,0,NA,NA,NA,0,NA,NA,NA
292,1,10/1/24,5/5/20,BOR,1,10/2/24,5/5/20,BOR,1,11/1/14,5/5/20,BOR,1,5/30/15,5/5/20,BOR,0,NA,NA,NA
293,1,10/1/47,5/5/20,BOR,1,10/1/47,5/5/20,BOR,1,10/1/47,5/5/20,BOR,1,10/1/47,5/5/20,BOR,0,NA,NA,NA
294,1,10/16/10,12/31/20,BOR_PN,0,NA,NA,NA,0,NA,NA,NA,0,NA,NA,NA,0,NA,NA,NA
295,1,10/31/46,5/6/20,BOR,1,5/1/94,5/6/20,BOR,1,5/1/94,5/6/20,BOR,1,10/1/79,5/6/20,BOR,0,NA,NA,NA
297,1,4/3/75,12/30/20,ACE_SEA,1,11/2/74,12/30/20,ACE_SEA,1,11/2/74,12/30/20,usgs_12301933,0,NA,NA,NA,0,NA,NA,NA
299,1,1/1/65,12/31/20,BOR_PN,1,10/1/19,12/31/20,BOR_PN,1,10/1/92,12/31/20,BOR,1,10/1/87,12/31/20,BOR,0,NA,NA,NA
300,1,10/1/55,5/5/20,BOR,1,10/1/55,5/5/20,BOR,1,10/1/55,5/5/20,BOR,1,10/1/55,5/5/20,BOR,0,NA,NA,NA
301,1,5/14/09,2/4/20,BOR,0,NA,NA,NA,0,NA,NA,NA,1,9/11/08,2/4/20,BOR,0,NA,NA,NA
305,1,10/1/60,12/31/20,ACE_SEA,0,NA,NA,NA,1,10/1/60,12/31/20,usgs_12395500,1,10/1/60,12/31/20,ACE_SEA,0,NA,NA,NA
306,1,8/9/05,8/2/19,BOR,1,1/1/10,8/2/19,BOR,1,8/10/05,8/2/19,BOR,1,8/9/05,8/2/19,BOR,0,NA,NA,NA
307,1,1/2/67,2/6/20,ACE_OMA,1,1/2/38,2/6/20,ACE_OMA,1,1/2/38,2/6/20,ACE_OMA,1,1/2/38,2/6/20,ACE_OMA,0,NA,NA,NA
310,1,10/1/82,8/23/18,BOR_PN,1,1/1/65,8/23/18,BOR_PN,1,1/1/65,8/23/18,BOR_PN,0,NA,NA,NA,0,NA,NA,NA
311,1,2/7/98,8/23/18,BOR_PN,0,NA,NA,NA,0,NA,NA,NA,0,NA,NA,NA,0,NA,NA,NA
316,1,10/1/99,12/31/19,ENKEP,1,10/1/99,12/31/19,ENKEP,1,10/1/99,12/31/19,ENKEP,1,10/1/99,12/31/19,ENKEP,0,NA,NA,NA
317,1,10/31/89,12/31/18,BOR,1,10/1/92,12/31/18,BOR,1,10/1/92,12/31/18,BOR,0,NA,NA,BOR,0,NA,NA,NA
319,1,1/1/30,5/5/20,BOR,1,1/2/30,5/5/20,BOR,1,1/1/30,5/5/20,BOR,1,1/1/30,5/5/20,BOR,0,NA,NA,NA
320,1,10/1/85,5/6/20,BOR,1,10/1/85,5/6/20,BOR,1,10/1/85,5/6/20,BOR,1,10/1/85,5/6/20,BOR,0,NA,NA,NA
334,1,10/31/89,12/31/18,BOR,0,NA,NA,NA,0,NA,NA,NA,1,10/31/89,12/31/18,BOR,0,NA,NA,NA
338,1,9/30/71,12/31/20,ACE_WAL,1,1/1/60,12/31/20,ACE_WAL,1,9/30/71,12/31/20,ACE_WAL,0,NA,NA,NA,0,NA,NA,NA
345,1,5/1/85,12/31/20,BOR_PN,0,NA,NA,NA,0,NA,NA,NA,0,NA,NA,NA,0,NA,NA,NA
346,1,10/31/65,12/31/20,BOR_PN,0,NA,NA,NA,0,NA,NA,NA,0,NA,NA,NA,0,NA,NA,NA
347,1,4/14/98,10/16/08,MTDNR,1,4/8/98,10/16/08,MTDNR,1,4/8/98,10/16/08,MTDNR,1,4/14/98,10/16/08,MTDNR,0,NA,NA,NA
350,1,11/1/73,12/31/20,BOR_PN,0,NA,NA,NA,0,NA,NA,NA,0,NA,NA,NA,0,NA,NA,NA
353,1,5/22/85,12/31/20,ACE_POR,0,NA,NA,NA,1,1/1/80,12/31/20,usgs_14034500,1,5/22/85,12/31/20,ACE_POR,0,NA,NA,NA
355,1,10/1/65,5/5/20,BOR,1,10/1/65,5/5/20,BOR,1,10/1/65,5/5/20,BOR,1,10/1/65,5/5/20,BOR,0,NA,NA,NA
361,1,10/1/75,12/31/20,BOR_PN,1,10/2/83,12/31/20,BOR_PN,1,8/1/78,12/31/20,BOR_PN,0,NA,NA,NA,0,NA,NA,NA
362,1,10/1/63,5/5/20,BOR,1,10/1/63,5/5/20,BOR,1,10/1/63,5/5/20,BOR,1,10/1/63,5/5/20,BOR,0,NA,NA,NA
364,1,10/28/86,12/31/18,BOR,1,10/29/86,12/31/18,BOR,1,3/27/86,12/31/18,BOR,1,3/27/86,12/31/18,BOR,0,NA,NA,NA
367,1,10/31/67,12/31/20,BOR_PN,1,11/1/67,12/31/20,BOR_PN,1,4/1/65,12/31/20,BOR_PN,0,NA,NA,NA,0,NA,NA,NA
368,1,10/1/88,5/5/20,BOR ,1,10/1/88,5/5/20,BOR,1,10/1/85,5/5/20,BOR ,1,10/1/88,5/5/20,BOR,0,NA,NA,NA
370,1,1/1/65,12/31/20,BOR_PN,1,10/2/80,12/31/20,BOR_PN,0,NA,NA,NA,0,NA,NA,NA,0,NA,NA,NA
372,1,1/1/65,12/31/20,BOR_PN,1,1/1/65,12/31/20,BOR_PN,1,1/1/65,12/31/20,BOR_PN,0,NA,NA,NA,0,NA,NA,NA
373,1,10/1/51,5/5/20,BOR,1,10/1/51,5/5/20,BOR,1,10/1/51,5/5/20,BOR,1,10/1/51,5/5/20,BOR,0,NA,NA,NA
374,1,1/1/65,12/31/20,BOR: 11/16/1938 - 12/31/1965; BOR_PN: 1/1/1965 - 12/18/2018,1,1/1/65,12/31/20,BOR_PN,1,9/26/85,12/31/20,BOR_PN,0,NA,NA,BOR,0,NA,NA,NA
375,1,12/7/67,12/31/20,BOR_PN,0,NA,NA,NA,0,NA,NA,NA,0,NA,NA,NA,0,NA,NA,NA
377,1,1/1/65,12/31/20,BOR_PN,0,NA,NA,NA,0,NA,NA,NA,0,NA,NA,NA,0,NA,NA,NA
378,1,1/1/65,12/31/20,BOR_PN,1,7/10/67,12/31/20,BOR_PN,1,7/10/67,12/31/20,BOR_PN,0,NA,NA,BOR_PN,0,NA,NA,NA
382,1,9/30/69,12/31/20,BOR_PN,1,10/4/70,12/31/20,BOR_PN,1,10/4/70,12/31/20,BOR_PN,0,NA,NA,NA,0,NA,NA,NA
383,1,10/6/69,12/31/20,BOR_PN,0,NA,NA,NA,0,NA,NA,NA,0,NA,NA,NA,0,NA,NA,NA
384,1,1/1/65,12/31/20,BOR_PN,1,1/1/65,12/31/20,BOR_PN,1,1/1/65,12/31/20,BOR_PN,0,NA,NA,BOR_PN,0,NA,NA,NA
385,1,10/1/61,5/5/20,BOR,1,11/1/61,5/5/20,BOR,1,10/1/61,5/5/20,BOR,1,10/1/61,5/5/20,BOR,0,NA,NA,NA
386,1,1/1/65,12/31/20,BOR_PN,1,1/1/65,12/31/20,BOR_PN,1,1/1/65,12/31/20,BOR_PN,0,NA,NA,NA,0,NA,NA,NA
387,1,1/1/65,12/31/20,BOR_PN,1,1/1/65,12/31/20,BOR_PN,0,NA,NA,NA,0,NA,NA,NA,0,NA,NA,NA
388,1,10/5/69,12/31/20,BOR_PN,0,NA,NA,NA,0,NA,NA,NA,0,NA,NA,NA,0,NA,NA,NA
389,1,1/1/65,12/31/20,BOR_PN,0,NA,NA,NA,0,NA,NA,NA,0,NA,NA,NA,0,NA,NA,NA
390,1,1/9/76,12/31/20,BOR_PN,1,10/1/65,12/31/20,BOR_PN,1,1/1/65,12/31/20,BOR_PN,0,NA,NA,BOR_PN,0,NA,NA,NA
391,1,1/1/65,12/31/20,BOR_PN,1,10/2/84,12/31/20,BOR_PN,1,1/1/65,12/31/20,BOR_PN,0,NA,NA,NA,0,NA,NA,NA
392,1,1/2/65,12/31/20,BOR,0,NA,NA,NA,0,NA,NA,NA,0,NA,NA,BOR,0,NA,NA,NA
393,1,10/1/51,5/5/20,BOR,1,10/1/11,5/5/20,BOR,1,10/1/51,5/5/20,BOR,1,10/1/51,5/5/20,BOR,0,NA,NA,NA
394,1,1/1/65,12/31/20,BOR_PN,0,NA,NA,NA,0,NA,NA,NA,0,NA,NA,NA,0,NA,NA,NA
396,1,1/1/65,12/31/20,BOR,1,1/1/65,12/31/20,BOR_PN,0,NA,NA,NA,0,NA,NA,BORPN,0,NA,NA,NA
398,1,12/1/68,5/5/20,BOR,1,10/1/68,5/5/20,BOR,1,10/1/68,5/5/20,BOR,1,12/1/68,5/5/20,BOR,0,NA,NA,NA
399,1,10/31/49,5/5/20,BOR,1,10/1/68,5/5/20,BOR,1,10/1/68,5/5/20,BOR,1,10/1/68,5/5/20,BOR,0,NA,NA,NA
405,1,7/1/86,12/31/20,usgs_13171500,0,NA,NA,NA,1,4/1/85,12/31/20,usgs_13171620,0,NA,NA,NA,0,NA,NA,NA
411,1,1/1/65,12/31/20,BOR,1,1/1/65,12/31/20,BOR_PN,0,NA,NA,NA,0,NA,NA,BOR,0,NA,NA,NA
413,1,1/1/65,12/31/20,BOR,1,10/1/84,12/31/20,BOR_PN,1,10/1/84,12/31/20,BOR_PN,0,NA,NA,BOR,0,NA,NA,NA
415,1,10/1/45,5/5/20,BOR,1,10/1/45,5/5/20,BOR,1,12/7/45,5/5/20,BOR,1,10/1/45,5/5/20,BOR,0,NA,NA,NA
416,1,10/1/45,5/5/20,BOR,1,10/1/45,5/5/20,BOR,1,10/1/45,5/5/20,BOR,1,10/1/45,5/5/20,BOR,0,NA,NA,NA
419,1,5/12/70,1/25/21,BOR,1,5/31/74,1/25/21,BOR,1,12/31/73,1/25/21,BOR,1,5/12/70,1/25/21,BOR,0,NA,NA,NA
420,1,11/30/74,1/27/21,BOR,1,7/29/60,1/27/21,BOR,1,8/3/87,1/27/21,BOR,1,11/30/74,1/27/21,BOR,0,NA,NA,NA
421,1,10/1/45,5/5/20,BOR,1,10/1/45,5/5/20,BOR,1,10/1/45,5/5/20,BOR,1,10/1/45,5/5/20,BOR,0,NA,NA,NA
423,1,10/25/65,1/27/21,BOR,1,10/26/65,1/27/21,BOR,1,4/23/64,1/27/21,BOR,1,10/25/65,1/27/21,BOR,0,NA,NA,NA
424,1,10/1/84,9/30/19,WSE,0,NA,NA,NA,0,NA,NA,NA,0,NA,NA,NA,0,NA,NA,NA
428,1,10/1/84,9/30/18,WSE,0,NA,NA,NA,1,5/1/85,9/30/18,WSE,0,NA,NA,NA,0,NA,NA,NA
430,1,12/5/80,12/31/20,usgs_13174000,0,NA,NA,NA,0,NA,NA,usgs_13174500,0,NA,NA,NA,0,NA,NA,NA
431,1,1/31/74,1/27/21,BOR,1,1/1/91,1/27/21,BOR,1,1/31/74,1/27/21,BOR,1,1/31/74,1/27/21,BOR,0,NA,NA,NA
437,1,12/22/85,1/27/21,BOR,1,2/1/88,1/27/21,BOR,1,2/1/88,1/27/21,BOR,1,12/22/85,1/27/21,BOR,0,NA,NA,NA
438,1,12/1/77,1/27/21,BOR ,1,1/1/82,1/27/21,BOR ,1,12/1/77,1/27/21,BOR ,1,12/1/77,1/27/21,BOR ,0,NA,NA,NA
442,1,10/30/82,1/28/21,BOR,1,10/1/89,1/28/21,BOR,1,10/1/89,1/28/21,BOR,1,6/30/86,1/28/21,BOR,0,NA,NA,NA
445,1,5/9/73,1/27/21,BOR,1,5/10/73,1/27/21,BOR,1,5/10/73,1/27/21,BOR,1,5/9/73,1/27/21,BOR,0,NA,NA,NA
448,1,6/28/79,1/27/21,BOR,1,6/29/79,1/27/21,BOR,1,6/28/79,1/27/21,BOR,1,6/28/79,1/27/21,BOR,0,NA,NA,NA
449,1,1/1/67,1/28/21,BOR,1,1/2/67,1/28/21,BOR,1,1/1/67,1/28/21,BOR,1,1/1/67,1/28/21,BOR,0,NA,NA,NA
450,1,5/2/85,1/28/21,BOR,1,5/3/85,1/28/21,BOR,1,5/3/85,1/28/21,BOR,1,5/1/69,1/28/21,BOR,0,NA,NA,NA
451,1,12/2/62,1/27/21,BOR,1,12/3/62,1/27/21,BOR,1,11/1/62,1/27/21,BOR,1,12/1/68,1/27/21,BOR,0,NA,NA,NA
456,1,10/1/68,1/27/21,BOR,1,10/2/68,1/27/21,BOR,1,10/2/68,1/27/21,BOR,1,10/1/68,1/27/21,BOR,0,NA,NA,NA
458,1,1/1/03,1/27/21,BOR,1,1/2/03,1/27/21,BOR,1,1/1/03,1/27/21,BOR,1,1/1/03,1/27/21,BOR,0,NA,NA,NA
467,1,2/5/93,1/27/21,BOR,1,3/23/93,1/27/21,BOR,1,2/5/93,1/27/21,BOR,1,2/5/93,1/27/21,BOR,0,NA,NA,NA
468,1,5/1/86,5/5/20,BOR,1,5/30/91,5/5/20,BOR,1,1/28/91,5/5/20,BOR,1,5/1/86,5/5/20,BOR,0,NA,NA,NA
469,1,5/1/80,1/25/21,BOR,1,8/28/88,1/25/21,BOR,1,5/1/80,1/25/21,BOR,1,5/1/80,1/25/21,BOR,0,NA,NA,NA
470,1,7/2/89,1/27/21,BOR,1,9/17/90,1/27/21,BOR,1,9/17/90,1/27/21,BOR,1,7/2/89,1/27/21,BOR,0,NA,NA,NA
471,1,10/31/74,1/27/21,BOR,1,8/1/88,1/27/21,BOR,1,10/31/74,1/27/21,BOR,1,10/31/74,1/27/21,BOR,0,NA,NA,NA
473,1,10/1/74,1/25/21,BOR,1,10/2/74,1/25/21,BOR,1,10/2/74,1/25/21,BOR,1,10/1/74,1/25/21,BOR,0,NA,NA,NA
477,1,1/1/50,1/24/21,BOR,1,4/17/58,1/24/21,BOR,1,4/17/58,1/24/21,BOR,1,10/1/57,1/24/21,BOR,0,NA,NA,NA
479,1,1/1/32,1/27/21,BOR,0,NA,NA,NA,0,NA,NA,NA,1,1/1/04,1/27/21,BOR,0,NA,NA,NA
481,1,3/5/54,1/27/21,BOR,1,5/23/91,1/27/21,BOR,0,NA,NA,NA,1,3/5/54,1/27/21,BOR,0,NA,NA,NA
487,1,10/1/53,12/31/18,BOR,1,11/1/94,12/31/18,BOR,1,11/1/94,12/31/18,BOR,0,NA,NA,BOR,0,NA,NA,NA
488,1,12/1/69,1/27/21,BOR,1,12/1/69,1/27/21,BOR,1,12/1/69,1/27/21,BOR,1,12/1/69,1/27/21,BOR,0,NA,NA,NA
491,1,10/1/53,1/27/21,BOR,1,2/7/12,1/27/21,BOR,1,2/7/12,1/27/21,BOR,1,10/1/53,1/27/21,BOR,0,NA,NA,NA
492,1,9/1/51,1/27/21,BOR,1,1/1/78,1/27/21,BOR,1,9/1/51,1/27/21,BOR,1,10/1/53,1/27/21,BOR,0,NA,NA,NA
493,1,4/30/75,1/27/21,BOR,1,10/2/90,1/27/21,BOR,1,10/31/74,1/27/21,BOR,1,4/30/75,1/27/21,BOR,0,NA,NA,NA
497,1,7/1/59,7/26/20,DENW,1,7/1/59,7/26/20,DENW,1,7/1/59,7/26/20,DENW,1,7/1/59,7/26/20,DENW,1,1/1/93,7/26/20,DENW
500,1,7/1/56,7/26/20,DENW,1,12/25/86,7/26/20,DENW,1,4/1/76,7/26/20,DENW,1,7/1/56,7/26/20,DENW,1,5/1/87,7/26/20,DENW
502,1,9/1/51,1/27/21,BOR,1,9/1/51,1/27/21,BOR,1,5/16/76,1/27/21,BOR,1,10/1/53,1/27/21,BOR,0,NA,NA,NA
505,1,1/1/70,7/22/20,DENW,1,4/1/76,7/22/20,DENW,1,4/1/76,7/22/20,DENW,1,1/1/70,7/22/20,DENW,0,NA,NA,NA
506,1,10/31/74,1/27/21,BOR,1,11/1/74,1/27/21,BOR,1,10/1/72,1/27/21,BOR,1,10/31/74,1/27/21,BOR,0,NA,NA,NA
507,1,9/1/90,1/28/21,BOR,1,9/2/90,1/28/21,BOR,1,10/30/74,1/28/21,BOR,1,10/30/74,1/28/21,BOR,0,NA,NA,NA
508,1,8/1/87,7/26/20,DENW,1,8/1/87,7/26/20,DENW,1,8/1/87,7/26/20,DENW,1,8/1/87,7/26/20,DENW,0,NA,NA,NA
509,1,9/1/63,1/26/21,DENW,1,12/1/63,1/26/21,DENW,1,10/1/77,1/26/21,BOR,1,9/1/63,1/26/21,DENW,1,1/1/88,1/26/21,DENW
511,1,6/2/75,10/1/19,ACE_OMA,1,6/2/75,10/1/19,ACE_OMA,1,6/2/75,10/1/19,ACE_OMA,1,6/2/75,10/1/19,ACE_OMA,0,NA,NA,NA
514,1,1/1/80,12/31/20,BOR_PN,1,NA,NA,BOR_PN,1,1/1/80,12/31/20,BOR_PN,0,NA,NA,NA,0,NA,NA,NA
516,1,4/18/05,1/26/21,BOR,0,NA,NA,NA,0,NA,NA,NA,0,NA,NA,NA,0,NA,NA,NA
517,1,4/1/69,1/27/21,BOR ,1,5/1/74,1/27/21,BOR ,1,10/1/79,1/27/21,BOR ,1,4/1/69,1/27/21,BOR ,0,NA,NA,NA
518,1,10/1/70,1/27/21,BOR,1,3/31/83,1/27/21,BOR,1,10/29/74,1/27/21,BOR,1,10/1/70,1/27/21,BOR,0,NA,NA,NA
519,1,5/14/69,5/5/20,BOR ,1,1/1/10,5/5/20,BOR ,1,6/1/69,5/5/20,BOR ,1,6/1/69,5/5/20,BOR ,0,NA,NA,NA
521,1,10/24/74,12/31/18,BOR,1,6/26/90,12/31/18,BOR,1,6/26/90,12/31/18,BOR,0,NA,NA,BOR,0,NA,NA,NA
522,1,10/1/56,7/20/20,DENW,1,10/1/56,7/20/20,DENW,1,10/1/56,7/20/20,DENW,1,10/1/56,7/20/20,DENW,0,NA,NA,NA
524,1,1/1/80,12/31/20,usgs_10336710,1,1/1/80,12/31/20,BOR_PN,1,1/1/80,12/31/20,BOR_PN,0,NA,NA,NA,0,NA,NA,NA
527,1,4/27/95,12/31/20,usgs_10301700,0,NA,NA,NA,1,4/19/95,12/31/20,usgs_10301700,0,NA,NA,NA,0,NA,NA,NA
529,1,5/23/57,7/29/20,DENW,1,5/23/57,7/29/20,DENW,1,5/24/57,7/29/20,DENW,1,5/23/57,7/29/20,DENW,1,8/1/17,7/29/20,DENW
530,1,1/1/90,7/28/20,AUR,1,1/1/90,7/28/20,AUR,1,1/1/90,7/28/20,AUR,0,NA,NA,NA,0,NA,NA,NA
531,1,10/25/74,1/27/21,BOR,1,10/26/74,1/27/21,BOR,1,10/25/74,1/27/21,BOR,1,10/25/74,1/27/21,BOR,0,NA,NA,NA
533,1,4/18/97,7/20/20,DENW,1,4/18/97,7/20/20,DENW,1,4/18/97,7/20/20,DENW,1,4/18/97,7/20/20,DENW,0,NA,NA,NA
536,1,10/1/58,1/27/21,BOR ,1,10/1/62,1/27/21,BOR ,1,10/1/61,1/27/21,BOR ,1,10/1/58,1/27/21,BOR ,0,NA,NA,NA
537,1,10/28/74,1/27/21,BOR,1,9/29/90,1/27/21,BOR,1,10/28/74,1/27/21,BOR,1,10/28/74,1/27/21,BOR,0,NA,NA,NA
541,1,1/31/66,1/27/21,BOR,1,12/2/68,1/27/21,BOR,1,12/1/68,1/27/21,BOR,1,11/30/65,1/27/21,BOR,0,NA,NA,NA
542,1,12/1/70,1/27/21,BOR,1,12/2/70,1/27/21,BOR,1,12/2/70,1/27/21,BOR,1,3/31/68,1/27/21,BOR,0,NA,NA,NA
544,1,5/31/92,1/1/21,CDEC,0,NA,NA,NA,0,NA,NA,CDEC,0,NA,NA,CDEC,0,NA,NA,NA
545,1,1/1/80,12/31/20,BOR,0,NA,NA,NA,1,1/1/80,12/31/20,CDEC,0,NA,NA,NA,0,NA,NA,NA
546,1,1/1/80,12/31/20,usgs_10292500,0,NA,NA,NA,1,1/1/80,12/31/20,usgs_10293000,0,NA,NA,NA,0,NA,NA,NA
548,1,5/31/92,12/31/20,CDEC,0,NA,NA,NA,0,NA,NA,CDEC,0,NA,NA,CDEC,0,NA,NA,NA
549,1,8/1/73,1/27/21,BOR,1,6/29/79,1/27/21,BOR,1,1/1/80,1/27/21,usgs_09125800,1,8/1/73,1/27/21,BOR,0,NA,NA,NA
551,1,5/31/92,12/31/20,CDEC,0,NA,NA,NA,0,NA,NA,NA,0,NA,NA,NA,0,NA,NA,NA
554,1,1/1/80,12/31/20,CDEC,1,NA,NA,CDEC,1,1/1/80,12/31/20,CDEC,0,NA,NA,NA,0,NA,NA,NA
555,1,10/2/18,1/1/21,CDEC,0,NA,NA,NA,1,1/1/80,1/1/21,usgs_11277500,0,NA,NA,NA,0,NA,NA,NA
557,1,1/8/85,12/31/20,CDEC,1,1/17/94,12/31/20,CDEC,1,1/1/80,12/31/20,usgs_11275500,0,NA,NA,NA,0,NA,NA,NA
567,1,3/20/84,1/27/21,BOR,1,3/20/84,1/27/21,BOR,1,3/20/84,1/27/21,BOR,1,3/20/84,1/27/21,BOR,0,NA,NA,NA
572,1,1/1/60,1/27/21,BOR,1,4/5/60,1/27/21,BOR,1,5/18/60,1/27/21,BOR,1,1/1/60,1/27/21,BOR,0,NA,NA,NA
574,1,12/13/63,1/28/21,BOR,1,12/13/63,1/28/21,BOR,1,12/13/63,1/28/21,BOR,1,12/13/63,1/28/21,BOR,0,NA,NA,NA
575,1,5/3/41,1/27/21,BOR,1,5/3/41,1/27/21,BOR,1,5/3/41,1/27/21,BOR,1,5/3/41,1/27/21,BOR,0,NA,NA,NA
578,1,3/12/16,1/27/21,BOR,0,NA,NA,NA,1,3/11/16,1/27/21,BOR,1,3/10/16,1/27/21,BOR,0,NA,NA,NA
580,1,1/1/20,12/31/20,CDEC,0,NA,NA,NA,0,NA,NA,CDEC,0,NA,NA,CDEC,0,NA,NA,NA
585,1,1/1/85,1/1/21,CDEC,1,1/2/94,1/1/21,CDEC,1,10/1/93,1/1/21,CDEC,0,NA,NA,NA,0,NA,NA,NA
592,1,1/1/85,1/1/21,CDEC,1,1/2/94,1/1/21,CDEC,1,10/1/93,1/1/21,CDEC,0,NA,NA,NA,0,NA,NA,NA
593,1,1/2/01,12/31/20,CDEC,0,NA,NA,NA,0,NA,NA,CDEC,0,NA,NA,CDEC,0,NA,NA,NA
595,1,1/1/85,12/31/20,BOR,1,1/1/94,12/31/20,BOR,1,6/20/87,12/31/20,BOR,0,NA,NA,NA,0,NA,NA,NA
596,1,1/2/01,12/31/20,CDEC,0,NA,NA,NA,0,NA,NA,NA,0,NA,NA,NA,0,NA,NA,NA
597,1,6/28/63,1/27/21,BOR,1,3/11/63,1/27/21,BOR,1,3/14/63,1/27/21,BOR,1,12/28/63,1/27/21,BOR,0,NA,NA,NA
1286,1,3/4/80,12/31/20,TWDB,0,NA,NA,NA,1,1/1/80,12/31/20,TWDB,1,10/2/95,12/31/20,TWDB,0,NA,NA,NA
599,1,4/1/91,12/31/20,usgs_8253900,0,NA,NA,NA,1,1/1/80,12/31/20,usgs_8253900,0,NA,NA,NA,0,NA,NA,NA
600,1,1/1/85,1/1/21,CDEC,1,1/2/94,1/1/21,CDEC,1,6/21/87,1/1/21,CDEC,0,NA,NA,NA,0,NA,NA,NA
601,1,7/1/62,1/27/21,BOR,1,7/2/62,1/27/21,BOR,1,7/2/62,1/27/21,BOR,1,6/26/62,1/27/21,BOR,0,NA,NA,NA
603,1,12/31/74,1/27/21,BOR,0,NA,NA,NA,1,1/1/08,1/27/21,BOR,1,1/1/08,1/27/21,BOR,0,NA,NA,NA
604,1,12/31/74,1/28/21,BOR,0,NA,NA,NA,1,1/1/75,1/28/21,BOR,1,1/1/75,1/28/21,BOR,0,NA,NA,NA
605,1,1/1/85,1/1/21,CDEC,1,1/2/94,1/1/21,CDEC,1,1/2/94,1/1/21,CDEC,0,NA,NA,NA,0,NA,NA,NA
606,1,1/2/74,1/27/21,BOR,0,NA,NA,NA,1,1/1/10,1/27/21,BOR,1,12/31/74,1/27/21,BOR,0,NA,NA,NA
609,1,1/4/88,1/1/21,CDEC,1,1/2/94,1/1/21,CDEC,1,10/1/93,1/1/21,CDEC,0,NA,NA,NA,0,NA,NA,NA
610,1,5/28/37,1/28/21,BOR,0,NA,NA,NA,1,4/1/34,1/28/21,BOR,1,2/2/35,1/28/21,BOR,0,NA,NA,NA
612,1,1/1/85,1/1/21,CDEC,1,1/2/94,1/1/21,CDEC,1,10/1/93,1/1/21,CDEC,0,NA,NA,NA,0,NA,NA,NA
613,1,12/31/74,1/27/21,BOR,1,9/17/11,1/27/21,BOR,1,10/1/70,1/27/21,BOR,1,12/31/74,1/27/21,BOR,0,NA,NA,NA
614,1,1/2/74,1/27/21,BOR,0,NA,NA,NA,1,1/1/10,1/27/21,BOR,1,12/31/74,1/27/21,BOR,0,NA,NA,NA
616,1,2/2/50,1/28/21,BOR,0,NA,NA,usgs_9422500,1,3/1/49,1/28/21,usgs_9422500,1,1/8/50,1/28/21,BOR,0,NA,NA,NA
619,1,4/30/07,12/31/20,CDEC,0,NA,NA,NA,0,NA,NA,CDEC,0,NA,NA,CDEC,0,NA,NA,NA
620,1,1/7/05,12/31/20,CDEC,1,1/7/05,12/31/20,CDEC,1,1/7/05,12/31/20,CDEC,0,NA,NA,NA,0,NA,NA,NA
623,1,1/31/80,12/31/20,usgs_9398300,0,NA,NA,NA,0,NA,NA,NA,0,NA,NA,NA,0,NA,NA,NA
624,1,4/30/07,12/31/20,CDEC,0,NA,NA,NA,0,NA,NA,CDEC,0,NA,NA,CDEC,0,NA,NA,NA
625,1,10/1/85,12/31/20,usgs_11109700,0,NA,NA,NA,1,1/1/80,12/31/20,usgs_11109800,0,NA,NA,NA,0,NA,NA,NA
627,1,12/31/84,12/31/20,usgs_9384600,0,NA,NA,NA,1,1/1/80,12/31/20,usgs_9385500,0,NA,NA,NA,0,NA,NA,NA
629,1,10/1/38,1/28/21,BOR,0,NA,NA,usgs_9427500,1,1/2/35,1/28/21,usgs_9427500,1,11/15/38,1/28/21,BOR,0,NA,NA,NA
640,1,1/1/80,12/31/20,usgs_9509501,0,NA,NA,usgs_9509501,0,NA,NA,usgs_9509501,0,NA,NA,NA,0,NA,NA,NA
643,1,12/1/79,12/31/20,CDEC,0,NA,NA,NA,0,NA,NA,CDEC,0,NA,NA,CDEC,0,NA,NA,NA
644,1,1/1/80,12/31/20,usgs_9509502,0,NA,NA,NA,1,1/1/80,12/31/20,usgs_9510000,0,NA,NA,NA,0,NA,NA,NA
648,1,9/30/03,12/31/20,CDEC,0,NA,NA,NA,0,NA,NA,CDEC,0,NA,NA,CDEC,0,NA,NA,NA
654,1,10/1/87,12/31/20,usgs_11042510,0,NA,NA,NA,1,1/1/80,12/31/20,usgs_11042400,0,NA,NA,NA,0,NA,NA,NA
656,1,10/1/87,12/31/20,usgs_09469000,1,NA,NA,usgs_09468500,1,1/1/80,12/31/20,usgs_09469500,0,NA,NA,NA,0,NA,NA,NA
657,1,3/21/15,1/28/21,BOR,1,1/1/02,1/28/21,BOR,1,10/1/16,1/28/21,usgs_8361000,1,3/21/15,1/28/21,BOR,0,NA,NA,NA
662,1,10/1/87,12/31/20,usgs_11042510,0,NA,NA,NA,0,NA,NA,NA,0,NA,NA,NA,0,NA,NA,NA
664,1,2/8/38,1/27/21,BOR,1,1/1/02,1/27/21,BOR,1,1/1/02,1/27/21,BOR,1,2/8/38,1/27/21,BOR,0,NA,NA,NA
665,1,10/1/87,12/31/20,usgs_11022100,0,NA,NA,NA,0,NA,NA,NA,0,NA,NA,NA,0,NA,NA,NA
725,0,NA,NA,NA,1,3/1/98,12/31/19,CAN,0,NA,NA,CAN,1,3/1/98,12/31/19,CAN,0,NA,NA,NA
726,0,NA,NA,NA,0,NA,NA,NA,0,NA,NA,NA,1,4/2/58,12/31/19,CAN,0,NA,NA,NA
740,1,1/1/65,12/31/20,ACE_MIS,0,NA,NA,NA,1,1/1/65,12/31/20,usgs_5074500,1,1/1/65,12/31/20,ACE_MIS,0,NA,NA,NA
744,0,NA,NA,NA,0,NA,NA,NA,1,1/1/04,3/3/21,CAN,1,1/1/04,3/3/21,CAN,0,NA,NA,NA
753,1,1/2/67,2/6/20,ACE_OMA,1,12/1/53,2/6/20,ACE_OMA,1,12/1/53,2/6/20,ACE_OMA,1,12/1/53,2/6/20,ACE_OMA,0,NA,NA,NA
758,1,1/1/00,7/3/20,ACE_STP,1,1887-01-01,7/3/20,ACE_STP,1,1887-01-01,7/3/20,ACE_STP,1,1/1/00,7/3/20,ACE_STP,0,NA,NA,NA
761,0,NA,NA,NA,0,NA,NA,NA,1,1/1/21,12/31/20,MIN,1,1/1/21,12/31/20,MIN,0,NA,NA,NA
762,0,NA,NA,NA,0,NA,NA,NA,1,6/25/97,3/2/21,MIN,1,6/25/97,3/2/21,MIN,0,NA,NA,NA
763,0,NA,NA,NA,0,NA,NA,NA,1,1/1/21,12/31/20,MIN,1,1/1/98,12/31/20,MIN,0,NA,NA,NA
767,1,1/1/30,7/5/20,ACE_STP,0,NA,NA,ACE_STP,1,1885-01-01,7/5/20,ACE_STP,1,1/1/30,7/5/20,ACE_STP,0,NA,NA,NA
768,1,4/17/35,7/3/20,ACE_STP,1,1884-01-01,7/3/20,ACE_STP,1,1884-01-01,7/3/20,ACE_STP,1,1/1/35,7/3/20,ACE_STP,0,NA,NA,NA
773,0,NA,NA,NA,0,NA,NA,NA,1,1/1/21,12/31/20,MIN,1,1/1/21,12/31/20,MIN,0,NA,NA,NA
774,1,5/6/51,12/31/20,ACE_STP,0,NA,NA,NA,1,5/6/51,12/31/20,ACE_STP,1,5/6/51,12/31/20,ACE_STP,0,NA,NA,NA
775,0,NA,NA,NA,0,NA,NA,NA,1,1/1/21,12/31/20,MIN,1,1/1/21,12/31/20,MIN,0,NA,NA,NA
777,1,3/1/74,5/26/20,ACE_OMA,1,5/2/74,5/26/20,BOR ,1,5/2/74,5/26/20,BOR ,1,3/1/74,5/26/20,BOR ,0,NA,NA,NA
778,0,NA,NA,NA,0,NA,NA,NA,1,1/1/21,12/31/20,MIN,1,1/1/21,12/31/20,MIN,0,NA,NA,NA
780,1,10/1/53,5/5/20,BOR,1,2/1/54,5/5/20,BOR,1,10/1/53,5/5/20,BOR,1,10/1/53,5/5/20,BOR,0,NA,NA,NA
784,1,10/1/51,5/5/20,BOR,1,5/12/52,5/5/20,BOR,1,10/1/51,5/5/20,BOR,1,10/1/51,5/5/20,BOR,0,NA,NA,NA
789,1,1/1/00,7/4/20,ACE_STP,1,1/1/99,7/4/20,ACE_STP,1,1/1/99,7/4/20,ACE_STP,1,1/1/00,7/4/20,ACE_STP,0,NA,NA,NA
792,1,1/1/00,5/27/20,ACE_STP,1,1/1/98,5/27/20,ACE_STP,1,1/1/98,5/27/20,ACE_STP,1,1/1/00,5/27/20,ACE_STP,0,NA,NA,NA
798,1,10/1/49,5/5/20,BOR,1,10/4/49,5/5/20,BOR,1,10/1/49,5/5/20,BOR,1,10/1/49,5/5/20,BOR,0,NA,NA,NA
806,1,1/1/12,7/5/20,ACE_STP,0,NA,NA,NA,1,1/1/12,7/5/20,ACE_STP,1,1/1/12,7/5/20,ACE_STP,0,NA,NA,NA
827,1,7/20/67,10/1/19,ACE_OMA,1,3/3/67,10/1/19,ACE_OMA,1,3/23/69,10/1/19,ACE_OMA,1,3/3/67,10/1/19,ACE_OMA,0,NA,NA,NA
830,1,8/31/50,11/17/19,ACE_STP,1,9/1/50,11/17/19,ACE_STP,1,8/8/50,11/17/19,ACE_STP,1,8/7/50,11/17/19,ACE_STP,0,NA,NA,NA
836,1,4/1/42,5/27/20,ACE_STP,1,4/1/42,5/27/20,DUKE,1,4/1/42,5/27/20,DUKE,1,4/1/42,5/27/20,DUKE,0,NA,NA,NA
837,1,10/1/51,5/5/20,BOR,1,10/1/51,5/5/20,BOR,1,10/1/51,5/5/20,BOR,1,10/1/51,5/5/20,BOR,0,NA,NA,NA
854,1,10/1/83,5/27/20,ACE_STP,1,10/1/83,5/27/20,DUKE,1,10/1/83,5/27/20,DUKE,1,10/1/83,5/27/20,DUKE,0,NA,NA,NA
858,1,3/28/40,7/5/20,ACE_STP,0,NA,NA,NA,0,NA,NA,NA,1,3/28/40,7/5/20,ACE_STP,0,NA,NA,NA
861,1,3/15/40,12/31/20,ACE_STP,0,NA,NA,NA,1,10/1/42,12/31/20,ACE_STP,1,3/15/40,12/31/20,ACE_STP,0,NA,NA,NA
868,1,10/1/77,5/5/20,BOR,1,10/1/87,5/5/20,BOR,1,3/27/86,5/5/20,BOR,1,3/27/86,5/5/20,BOR,0,NA,NA,NA
870,1,1/2/67,2/6/20,ACE_OMA,1,8/3/58,2/6/20,ACE_OMA,1,8/3/58,2/6/20,ACE_OMA,1,8/3/58,2/6/20,ACE_OMA,0,NA,NA,NA
872,1,10/1/51,5/5/20,BOR,1,4/1/52,5/5/20,BOR,1,10/1/51,5/5/20,BOR,1,10/1/51,5/5/20,BOR,0,NA,NA,NA
882,1,10/1/55,5/5/20,BOR ,1,8/22/56,5/5/20,BOR ,1,10/1/55,5/5/20,BOR ,1,10/1/55,5/5/20,BOR ,0,NA,NA,NA
884,1,1/2/67,2/6/20,ACE_OMA,1,8/1/63,2/6/20,ACE_OMA,1,8/1/63,2/6/20,ACE_OMA,1,8/1/63,2/6/20,ACE_OMA,0,NA,NA,NA
885,1,10/1/52,5/5/20,BOR,1,4/1/53,5/5/20,BOR,1,10/1/52,5/5/20,BOR,1,10/1/52,5/5/20,BOR,0,NA,NA,NA
893,1,10/1/51,5/5/20,BOR,1,4/1/52,5/5/20,BOR,1,10/1/51,5/5/20,BOR,1,10/1/51,5/5/20,BOR,0,NA,NA,NA
895,1,1/2/67,2/6/20,ACE_OMA,1,8/1/55,2/6/20,ACE_OMA,1,8/1/55,2/6/20,ACE_OMA,1,8/1/55,2/6/20,ACE_OMA,0,NA,NA,NA
897,1,5/31/93,5/5/20,BOR,0,NA,NA,NA,1,5/31/93,5/5/20,BOR,1,5/31/93,5/5/20,BOR,0,NA,NA,NA
898,1,10/17/57,5/5/20,BOR,1,10/17/57,5/5/20,BOR,1,10/17/57,5/5/20,BOR,1,10/17/57,5/5/20,BOR,0,NA,NA,NA
899,1,10/31/91,5/5/20,BOR,0,NA,NA,NA,1,8/31/93,5/5/20,BOR,1,10/31/91,5/5/20,BOR,0,NA,NA,NA
901,1,2/26/10,5/5/20,BOR,0,NA,NA,NA,0,NA,NA,NA,1,9/10/99,5/5/20,BOR,0,NA,NA,NA
903,1,9/30/90,5/5/20,BOR ,1,10/1/90,5/5/20,BOR ,1,10/1/90,5/5/20,BOR,1,4/21/90,5/5/20,BOR ,0,NA,NA,NA
904,1,9/30/90,5/5/20,BOR,1,10/1/90,5/5/20,BOR,0,NA,NA,NA,1,4/20/90,5/5/20,BOR,0,NA,NA,NA
905,1,5/31/93,5/5/20,BOR,0,NA,NA,NA,1,5/31/93,5/5/20,BOR,1,5/31/93,5/5/20,BOR,0,NA,NA,NA
907,1,1/1/58,12/31/20,ACE_ROCK,0,NA,NA,NA,1,10/1/92,12/31/20,usgs_5453520,1,1/1/58,12/31/20,ACE_ROCK,0,NA,NA,NA
908,1,1/28/85,9/30/16,WSE,0,NA,NA,NA,0,NA,NA,NA,0,NA,NA,NA,0,NA,NA,NA
910,1,1/31/93,5/5/20,BOR,0,NA,NA,NA,0,NA,NA,NA,1,1/31/93,5/5/20,BOR,0,NA,NA,NA
911,1,3/20/69,12/31/20,ACE_ROCK,0,NA,NA,NA,1,10/1/92,12/31/20,usgs_5488110,1,3/20/69,12/31/20,ACE_ROCK,0,NA,NA,NA
913,1,2/9/41,7/21/20,CNPPID,1,1/1/42,7/21/20,CNPPID,1,1869-01-01,7/21/20,CNPPID,1,2/9/41,7/21/20,CNPPID,0,NA,NA,NA
919,1,4/1/69,5/26/20,ACE_OMA,1,4/2/69,5/26/20,ACE_OMA,1,7/10/69,5/26/20,ACE_OMA,1,4/1/69,5/26/20,ACE_OMA,0,NA,NA,NA
920,1,1/1/42,7/21/20,CNPPID,1,10/1/40,7/21/20,CNPPID,1,10/1/40,7/21/20,CNPPID,1,1/1/42,7/21/20,CNPPID,0,NA,NA,NA
924,1,9/28/67,12/31/20,ACE_KAN,0,NA,NA,NA,1,8/2/79,12/31/20,usgs_6904010,1,9/28/67,12/31/20,ACE_KAN,0,NA,NA,NA
929,1,1/1/42,7/21/20,CNPPID,1,1/1/64,7/21/20,CNPPID,1,1/1/64,7/21/20,CNPPID,1,1/1/42,7/21/20,CNPPID,0,NA,NA,NA
931,1,3/21/78,7/21/20,CNPPID,1,6/1/98,7/21/20,CNPPID,1,6/1/98,7/21/20,CNPPID,1,3/21/78,7/21/20,CNPPID,0,NA,NA,NA
936,1,10/1/51,12/31/18,BOR,1,10/1/51,12/31/18,BOR,1,10/23/50,12/31/18,BOR,1,10/1/51,12/31/18,BOR,0,NA,NA,NA
938,1,12/4/49,12/31/18,BOR,1,10/2/49,12/31/18,BOR,1,8/8/49,12/31/18,BOR,1,8/8/49,12/31/18,BOR,0,NA,NA,NA
939,1,10/1/62,12/31/18,BOR,1,10/2/62,12/31/18,BOR,1,10/1/62,12/31/18,BOR,1,10/1/62,12/31/18,BOR,0,NA,NA,NA
947,1,1/1/10,12/31/18,BOR,1,1/1/10,12/31/18,BOR,1,1/1/10,12/31/18,BOR,0,NA,NA,BOR,0,NA,NA,NA
948,1,11/14/52,12/31/20,ACE_OMA,1,10/2/92,12/31/20,BOR,1,10/1/86,12/31/20,BOR,1,11/14/52,12/31/20,BOR,0,NA,NA,NA
952,1,1/1/76,5/6/20,BOR,1,10/2/92,5/6/20,BOR,1,10/1/86,5/6/20,BOR,1,6/13/57,5/6/20,BOR,0,NA,NA,NA
953,1,7/1/64,5/5/20,BOR ,1,7/2/64,5/5/20,BOR ,1,7/1/64,5/5/20,BOR ,1,7/1/64,5/5/20,BOR ,0,NA,NA,NA
955,1,1/1/80,12/31/20,ACE_KAN,0,NA,NA,NA,1,1/1/80,12/31/20,usgs_6906200,1,1/1/80,12/31/20,ACE_KAN,0,NA,NA,NA
956,1,1/1/76,5/6/20,BOR ,1,10/2/92,5/6/20,BOR ,1,10/1/86,5/6/20,BOR ,1,1/1/76,5/6/20,BOR ,0,NA,NA,NA
957,1,5/15/57,12/31/20,ACE_OMA,1,5/2/57,12/31/20,ACE_OMA,1,5/15/57,12/31/20,usgs_6713000,1,5/15/57,12/31/20,ACE_OMA,0,NA,NA,NA
958,1,10/1/50,12/31/18,BOR,1,10/2/50,12/31/18,BOR,1,10/1/50,12/31/18,BOR,1,10/1/50,12/31/18,BOR,0,NA,NA,NA
961,1,1/1/84,12/31/20,ACE_STL,0,NA,NA,NA,1,1/1/80,12/31/20,usgs_5507800,1,1/1/84,12/31/20,ACE_STL,0,NA,NA,NA
962,1,1/1/76,5/6/20,BOR,1,1/1/10,5/6/20,BOR,1,10/1/86,5/6/20,BOR,1,1/1/76,5/6/20,BOR,0,NA,NA,NA
963,1,1/1/76,5/6/20,BOR,1,1/1/10,5/6/20,BOR,1,10/1/86,5/6/20,BOR,1,1/1/76,5/6/20,BOR,0,NA,NA,NA
964,1,12/1/79,12/31/20,ACE_KAN,0,NA,NA,NA,1,12/1/79,12/31/20,usgs_6821150,1,12/1/79,12/31/20,ACE_KAN,0,NA,NA,NA
965,1,7/21/59,12/31/20,ACE_KAN,0,NA,NA,NA,1,7/21/59,12/31/20,usgs_6887000,1,7/21/59,12/31/20,ACE_KAN,0,NA,NA,NA
967,1,1/1/71,12/31/20,ACE_KAN,0,NA,NA,NA,1,1/1/71,12/31/20,usgs_6890900,1,1/1/71,12/31/20,ACE_KAN,0,NA,NA,NA
968,1,1/1/65,12/31/20,ACE_KAN,0,NA,NA,NA,1,1/1/65,12/31/20,usgs_6857100,1,1/1/65,12/31/20,ACE_KAN,0,NA,NA,NA
969,1,10/1/88,12/31/20,ACE_KAN,1,10/1/88,12/31/20,DUKE,1,1/1/80,12/31/20,usgs_6893890,1,10/1/88,12/31/20,ACE_KAN,1,10/1/88,12/31/20,DUKE
972,1,9/4/63,12/31/20,ACE_KAN,0,NA,NA,NA,1,9/4/63,12/31/20,usgs_6868200,1,9/4/63,12/31/20,ACE_KAN,0,NA,NA,NA
974,1,9/15/85,12/31/20,ACE_KAN,1,9/16/85,12/31/20,DUKE,1,9/17/85,12/31/20,DUKE,1,9/15/85,12/31/20,ACE_KAN,1,9/15/85,12/31/20,DUKE
975,1,1/1/78,12/31/20,ACE_KAN,0,NA,NA,NA,1,1/1/78,12/31/20,usgs_6891500,1,1/1/78,12/31/20,ACE_KAN,0,NA,NA,NA
976,1,1/1/76,12/31/18,BOR,1,6/1/93,12/31/18,BOR,1,10/1/86,12/31/18,BOR,1,1/1/76,12/31/18,BOR,0,NA,NA,NA
978,1,10/1/79,12/31/20,ACE_TUL,0,NA,NA,NA,1,10/1/79,12/31/20,usgs_7179500,1,10/1/79,12/31/20,ACE_TUL,0,NA,NA,NA
979,1,10/1/81,12/31/20,ACE_KAN,0,NA,NA,NA,1,1/1/80,12/31/20,usgs_6915000,1,10/1/81,12/31/20,ACE_KAN,0,NA,NA,NA
980,1,7/20/62,12/31/20,ACE_KAN,0,NA,NA,NA,1,7/20/62,12/31/20,usgs_6912500,1,7/20/62,12/31/20,ACE_KAN,0,NA,NA,NA
981,1,1/1/49,12/31/20,ACE_KAN,0,NA,NA,NA,1,1/1/49,12/31/20,usgs_6865500,1,1/1/49,12/31/20,ACE_KAN,0,NA,NA,NA
982,1,10/3/70,12/31/20,ACE_KAN,1,10/3/70,12/31/20,DUKE,1,10/3/70,12/31/20,DUKE,1,10/3/70,12/31/20,ACE_KAN,1,10/3/70,12/31/20,DUKE
983,1,10/1/79,12/31/20,ACE_TUL,0,NA,NA,NA,1,10/1/79,12/31/20,usgs_7179795,1,10/1/79,12/31/20,ACE_TUL,0,NA,NA,NA
987,1,5/15/74,5/5/20,BOR,1,10/1/84,5/5/20,BOR,1,10/1/84,5/5/20,BOR,1,1/9/74,5/5/20,BOR,0,NA,NA,NA
989,1,8/1/77,5/26/20,ACE_KAN,1,8/1/77,5/26/20,DUKE,1,8/1/77,5/26/20,DUKE,1,8/1/77,5/26/20,ACE_KAN,1,1/1/80,5/26/20,DUKE
991,1,10/1/79,12/31/20,ACE_TUL,0,NA,NA,NA,1,10/1/79,12/31/20,usgs_7182510,1,10/1/79,12/31/20,ACE_TUL,0,NA,NA,NA
993,1,1/1/87,12/31/07,AME,1,1/1/87,12/31/07,AME,1,1/1/87,12/31/07,AME,1,1/1/87,12/31/07,AME,1,1/1/87,12/31/07,NA
995,1,7/8/05,1/21/21,BOR,0,NA,NA,NA,0,NA,NA,NA,0,NA,NA,NA,0,NA,NA,NA
998,1,1/1/80,12/31/20,ACE_OMA,0,NA,NA,NA,1,1/1/80,12/31/20,ACE_OMA,0,NA,NA,ACE_OMA,0,NA,NA,NA
1000,1,6/30/60,12/31/20,ACE_KAN,0,NA,NA,NA,1,9/1/60,12/31/20,usgs_6921350,1,6/30/60,12/31/20,ACE_KAN,0,NA,NA,NA
1001,1,10/1/79,5/27/20,ACE_KAN,1,10/1/79,5/27/20,DUKE,1,10/1/79,5/27/20,DUKE,1,10/1/79,5/27/20,ACE_KAN,1,10/1/79,5/27/20,DUKE
1002,1,6/29/05,4/9/13,BOR,0,NA,NA,NA,0,NA,NA,NA,0,NA,NA,NA,0,NA,NA,NA
1003,1,10/1/79,5/27/20,ACE_KAN,1,10/1/79,5/27/20,DUKE,1,10/1/79,5/27/20,DUKE,1,10/1/79,5/27/20,ACE_KAN,1,10/1/79,5/27/20,DUKE
1005,1,10/18/90,12/31/18,BOR,0,NA,NA,NA,0,NA,NA,NA,1,10/18/90,12/31/18,BOR,0,NA,NA,NA
1006,1,10/1/68,12/31/20,ACE_KAN,1,10/1/68,12/31/20,DUKE,1,10/1/68,12/31/20,DUKE,1,10/1/68,12/31/20,ACE_KAN,1,1/1/80,12/31/20,DUKE
1007,1,10/1/79,12/31/20,ACE_KAN,1,10/1/79,12/31/20,DUKE,1,10/1/79,12/31/20,DUKE,1,10/1/79,12/31/20,ACE_KAN,1,10/1/79,12/31/20,DUKE
1014,1,5/26/80,12/31/20,ACE_TUL,0,NA,NA,NA,1,1/1/80,12/31/20,usgs_7170700,1,5/26/80,12/31/20,ACE_TUL,0,NA,NA,NA
1016,1,10/1/89,12/31/20,ACE_ALB,0,NA,NA,NA,1,1/1/80,12/31/20,usgs_7124410,0,NA,NA,NA,0,NA,NA,NA
1017,1,4/2/48,2/19/20,ACE_LIT,1,1/2/36,2/19/20,ACE_LIT,1,5/2/48,2/19/20,ACE_LIT,1,4/2/48,2/19/20,ACE_LIT,0,NA,NA,NA
1019,1,4/1/41,12/31/20,ACE_STL,0,NA,NA,NA,1,4/1/41,12/31/20,ACE_STL,1,4/1/41,12/31/20,ACE_STL,0,NA,NA,NA
1020,1,7/1/80,5/26/20,ACE_TUL,1,7/1/80,5/26/20,DUKE,1,7/1/80,5/26/20,DUKE,1,7/1/80,5/26/20,ACE_TUL,1,7/18/80,5/26/20,DUKE
1021,1,10/1/79,12/31/20,ACE_TUL,1,10/1/79,12/31/20,DUKE,1,10/1/79,12/31/20,DUKE,1,10/1/79,12/31/20,ACE_TUL,1,10/1/79,12/31/20,DUKE
1023,1,10/1/79,5/27/20,ACE_TUL,1,10/1/79,5/27/20,DUKE,1,10/1/79,5/27/20,DUKE,1,10/1/79,5/27/20,ACE_TUL,1,10/1/79,5/27/20,DUKE
1025,1,10/1/79,10/31/94,ACE_TUL,0,NA,NA,NA,0,NA,NA,NA,1,10/1/79,10/31/94,ACE_TUL,0,NA,NA,NA
1026,1,9/2/56,2/14/20,ACE_LIT,1,1/2/40,2/14/20,ACE_LIT,1,9/2/56,2/14/20,ACE_LIT,1,9/2/56,2/14/20,ACE_LIT,0,NA,NA,NA
1027,1,10/1/79,12/31/20,ACE_TUL,1,10/1/79,12/31/20,DUKE,1,10/1/79,12/31/20,DUKE,1,10/1/79,12/31/20,ACE_TUL,1,10/1/79,12/31/20,DUKE
1028,1,10/1/79,5/26/20,ACE_TUL,1,10/1/79,5/26/20,DUKE,1,10/1/79,5/26/20,DUKE,1,10/1/79,5/26/20,ACE_TUL,1,10/1/79,5/26/20,DUKE
1029,1,1/1/80,12/31/20,usgs_7190000,0,NA,NA,NA,0,NA,NA,NA,0,NA,NA,NA,0,NA,NA,NA
1032,1,10/1/79,5/27/20,ACE_TUL,1,10/1/79,5/27/20,DUKE,1,10/1/79,5/27/20,DUKE,1,10/1/79,5/27/20,ACE_TUL,1,10/1/79,5/27/20,DUKE
1033,1,2/19/63,2/14/20,ACE_LIT,1,1/2/41,2/14/20,ACE_LIT,1,2/19/63,2/14/20,ACE_LIT,1,2/18/63,2/14/20,ACE_LIT,0,NA,NA,NA
1034,1,10/1/05,12/31/20,usgs_7191300,0,NA,NA,usgs_7191300,0,NA,NA,usgs_7191300,0,NA,NA,NA,0,NA,NA,NA
1035,1,10/1/01,12/31/20,usgs_7191285,0,NA,NA,NA,1,10/1/01,12/31/20,usgs_7191288,0,NA,NA,NA,0,NA,NA,NA
1036,1,1/2/51,2/14/20,ACE_LIT,1,1/2/37,2/14/20,ACE_LIT,1,1/2/51,2/14/20,ACE_LIT,1,1/2/51,2/14/20,ACE_LIT,0,NA,NA,NA
1037,1,6/26/81,12/31/20,ACE_TUL,0,NA,NA,NA,1,1/1/80,12/31/20,usgs_7177000,1,6/26/81,12/31/20,ACE_TUL,0,NA,NA,NA
1042,1,1/2/45,2/14/20,ACE_LIT,1,1/2/41,2/14/20,ACE_LIT,1,1/2/45,2/14/20,ACE_LIT,1,1/2/45,2/14/20,ACE_LIT,0,NA,NA,NA
1044,1,7/13/89,12/31/20,usgs_7191400,1,NA,NA,usgs_7191400,1,1/1/80,12/31/20,usgs_7191400,0,NA,NA,NA,0,NA,NA,NA
1048,1,10/1/79,5/27/20,ACE_TUL,1,10/1/79,5/27/20,DUKE,1,10/1/79,5/27/20,DUKE,1,10/1/79,5/27/20,ACE_TUL,1,10/1/79,5/27/20,DUKE
1050,1,10/1/79,12/31/20,ACE_TUL,0,NA,NA,NA,1,10/1/83,12/31/20,usgs_7239300,1,10/1/79,12/31/20,ACE_TUL,0,NA,NA,NA
1051,1,10/1/79,10/31/94,DUKE,1,10/1/79,10/31/94,DUKE,1,10/1/79,10/31/94,DUKE,1,10/1/79,10/31/94,DUKE,1,10/1/79,10/31/94,DUKE
1053,1,10/1/79,9/30/15,DUKE,1,10/1/79,9/30/15,DUKE,1,10/1/79,9/30/15,DUKE,1,10/1/79,9/30/15,DUKE,1,10/1/79,9/30/15,DUKE
1055,1,10/1/67,12/31/18,BOR,0,NA,NA,NA,0,NA,NA,NA,0,NA,NA,BOR,0,NA,NA,NA
1060,1,10/1/79,12/31/20,ACE_TUL,0,NA,NA,NA,1,10/1/79,12/31/20,usgs_7198000,1,10/1/79,12/31/20,ACE_TUL,0,NA,NA,NA
1061,1,11/17/99,12/31/20,usgs_7159550,0,NA,NA,NA,0,NA,NA,NA,0,NA,NA,NA,0,NA,NA,NA
1063,1,4/1/88,12/31/18,BOR,0,NA,NA,NA,0,NA,NA,NA,1,4/1/88,12/31/18,BOR,0,NA,NA,NA
1067,1,1/2/62,2/14/20,ACE_LIT,1,1/2/41,2/14/20,ACE_LIT,1,1/2/62,2/14/20,ACE_LIT,1,1/2/62,2/14/20,ACE_LIT,0,NA,NA,NA
1068,1,10/1/99,12/31/20,usgs_7240500,0,NA,NA,NA,1,1/1/80,12/31/20,usgs_7241000,0,NA,NA,NA,0,NA,NA,NA
1070,1,1/1/91,9/30/15,DUKE,1,1/1/91,9/30/15,DUKE,1,1/1/91,9/30/15,DUKE,1,1/1/91,9/30/15,DUKE,0,NA,NA,NA
1073,1,1/1/80,12/31/20,usgs_7226800,0,NA,NA,NA,1,1/1/80,12/31/20,usgs_7227000,0,NA,NA,NA,0,NA,NA,NA
1075,1,10/1/79,10/31/94,DUKE,1,10/1/79,10/31/94,DUKE,1,10/1/79,10/31/94,DUKE,1,10/1/79,10/31/94,DUKE,1,10/1/79,10/31/94,DUKE
1076,1,10/1/99,12/31/20,usgs_7229445,0,NA,NA,NA,0,NA,NA,NA,0,NA,NA,NA,0,NA,NA,NA
1077,1,10/1/79,12/31/20,ACE_TUL,0,NA,NA,NA,1,10/1/79,12/31/20,usgs_7245000,1,10/1/79,12/31/20,ACE_TUL,0,NA,NA,NA
1078,1,1/1/89,5/26/20,ACE_LIT,1,1/1/89,5/26/20,DUKE,1,1/1/89,5/26/20,DUKE,1,1/1/89,5/26/20,ACE_LIT,1,1/1/89,5/26/20,DUKE
1080,1,10/31/90,12/31/18,BOR,0,NA,NA,NA,0,NA,NA,NA,0,NA,NA,BOR,0,NA,NA,NA
1081,1,10/31/90,12/31/18,BOR,0,NA,NA,NA,0,NA,NA,NA,1,10/31/90,12/31/18,BOR,0,NA,NA,NA
1084,1,3/18/47,2/19/20,ACE_LIT,1,3/2/47,2/19/20,ACE_LIT,1,3/2/47,2/19/20,ACE_LIT,1,3/18/47,2/19/20,ACE_LIT,0,NA,NA,NA
1086,1,1/1/80,1/27/21,BOR,1,1/1/40,1/27/21,BOR,1,1/17/80,1/27/21,usgs_8382830,1,10/1/82,1/27/21,BOR,0,NA,NA,NA
1088,1,8/17/67,1/29/21,TWDB,0,NA,NA,NA,0,NA,NA,NA,1,6/30/96,1/29/21,TWDB,0,NA,NA,NA
1092,1,1/2/44,2/19/20,ACE_LIT,1,1/2/44,2/19/20,ACE_LIT,1,1/2/44,2/19/20,ACE_LIT,1,1/2/44,2/19/20,ACE_LIT,0,NA,NA,NA
1093,1,10/1/79,5/27/20,ACE_TUL,1,10/1/79,5/27/20,DUKE,1,10/1/79,5/27/20,DUKE,1,10/1/79,5/27/20,ACE_TUL,1,10/1/79,5/27/20,DUKE
1095,1,5/26/88,12/31/20,usgs_07302500,1,3/18/91,12/31/20,BOR,1,1/1/80,12/31/20,usgs,1,2/1/88,12/31/20,BOR,0,NA,NA,NA
1099,1,10/1/95,12/31/20,usgs_7308990,0,NA,NA,NA,0,NA,NA,NA,0,NA,NA,NA,0,NA,NA,NA
1101,1,1/1/64,12/31/19,ACE_VIC,1,1/1/64,12/31/19,ACE_VIC,1,1/1/64,12/31/19,ACE_VIC,1,1/1/64,12/31/19,ACE_VIC,1,1/1/64,12/31/19,ACE_VIC
1104,1,10/1/94,12/31/20,usgs_7309500,0,NA,NA,NA,0,NA,NA,NA,0,NA,NA,NA,0,NA,NA,NA
1109,1,10/1/65,1/28/21,BOR,1,2/28/90,1/28/21,BOR,1,2/28/90,1/28/21,BOR,1,10/1/90,1/28/21,BOR,0,NA,NA,NA
1110,1,3/29/13,12/31/20,usgs_7329610,0,NA,NA,NA,0,NA,NA,NA,0,NA,NA,NA,0,NA,NA,NA
1111,1,5/8/14,12/31/20,usgs_7329605,0,NA,NA,NA,0,NA,NA,NA,0,NA,NA,NA,0,NA,NA,NA
1112,1,1/1/61,12/31/19,ACE_VIC,1,1/1/61,12/31/19,ACE_VIC,1,1/1/61,12/31/19,ACE_VIC,1,1/1/61,12/31/19,ACE_VIC,1,1/1/61,12/31/19,ACE_VIC
1113,1,4/17/99,12/31/20,TWDB,0,NA,NA,NA,1,1/1/80,12/31/20,usgs_7298200,1,4/17/99,12/31/20,TWDB,0,NA,NA,NA
1114,1,6/13/07,12/31/20,usgs_7311415,0,NA,NA,NA,0,NA,NA,NA,0,NA,NA,NA,0,NA,NA,NA
1117,1,10/31/90,12/31/18,BOR,0,NA,NA,NA,0,NA,NA,NA,1,10/31/90,12/31/18,BOR,0,NA,NA,NA
1119,1,4/1/87,5/5/20,BOR,0,NA,NA,NA,1,10/1/87,5/5/20,BOR,1,4/1/87,5/5/20,BOR,0,NA,NA,NA
1120,1,10/1/79,5/27/20,ACE_TUL,1,10/1/79,5/27/20,DUKE,1,10/1/79,5/27/20,DUKE,1,10/1/79,5/27/20,ACE_TUL,1,10/1/79,5/27/20,DUKE
1121,1,1/1/72,12/31/19,ACE_VIC,1,1/1/72,12/31/19,ACE_VIC,1,1/1/72,12/31/19,ACE_VIC,1,1/1/72,12/31/19,ACE_VIC,1,1/1/72,12/31/19,ACE_VIC
1122,1,12/12/75,2/19/20,ACE_LIT,1,7/2/73,2/19/20,ACE_LIT,1,7/2/73,2/19/20,ACE_LIT,1,12/12/75,2/19/20,ACE_LIT,0,NA,NA,NA
1123,1,10/1/79,12/31/20,ACE_TUL,0,NA,NA,NA,1,10/1/79,12/31/20,ACE_TUL,1,10/1/79,12/31/20,ACE_TUL,0,NA,NA,NA
1124,1,1/1/89,12/31/20,ACE_LIT,1,1/1/89,12/31/20,DUKE,1,1/1/89,12/31/20,DUKE,1,1/1/89,12/31/20,ACE_LIT,1,1/1/89,12/31/20,DUKE
1125,1,1/1/72,12/31/19,ACE_VIC,1,1/1/72,12/31/19,ACE_VIC,1,1/1/72,12/31/19,ACE_VIC,1,1/1/72,12/31/19,ACE_VIC,1,1/1/72,12/31/19,ACE_VIC
1126,1,10/1/79,5/27/20,ACE_TUL,0,NA,NA,NA,0,NA,NA,NA,1,10/1/79,5/27/20,ACE_TUL,0,NA,NA,NA
1127,1,3/17/79,2/24/20,ACE_LIT,1,8/2/73,2/24/20,ACE_LIT,1,8/2/73,2/24/20,ACE_LIT,1,3/17/79,2/24/20,ACE_LIT,0,NA,NA,NA
1128,1,11/1/94,5/27/20,ACE_TUL,1,11/1/94,5/27/20,DUKE,1,11/1/94,5/27/20,DUKE,1,11/1/94,5/27/20,ACE_TUL,1,11/1/94,5/27/20,DUKE
1129,1,8/15/98,1/29/21,TWDB,0,NA,NA,NA,0,NA,NA,NA,1,8/15/98,1/29/21,TWDB,0,NA,NA,NA
1133,1,3/13/99,1/29/21,TWDB,0,NA,NA,NA,0,NA,NA,NA,1,3/13/99,1/29/21,TWDB,0,NA,NA,NA
1134,1,10/1/79,5/27/20,ACE_TUL,1,10/1/79,5/27/20,DUKE,1,10/1/79,5/27/20,DUKE,1,10/1/79,5/27/20,ACE_TUL,1,10/1/79,5/27/20,DUKE
1135,1,10/1/79,12/31/20,TWDB,0,NA,NA,NA,1,10/1/79,12/31/20,usgs_7331600,1,10/1/79,12/31/20,TWDB,0,NA,NA,NA
1138,1,10/1/00,1/29/21,TWDB,0,NA,NA,NA,0,NA,NA,NA,1,10/1/00,1/29/21,TWDB,0,NA,NA,NA
1139,1,6/2/67,12/31/20,TWDB,0,NA,NA,NA,1,6/2/67,12/31/20,usgs_7314900,1,10/2/96,12/31/20,TWDB,0,NA,NA,NA
1140,1,10/2/49,12/31/20,TWDB,0,NA,NA,NA,1,10/1/59,12/31/20,usgs_7312100,1,10/2/93,12/31/20,TWDB,0,NA,NA,NA
1141,1,3/26/99,1/29/21,TWDB,0,NA,NA,NA,0,NA,NA,NA,1,3/26/99,1/29/21,TWDB,0,NA,NA,NA
1144,1,1/1/89,5/26/20,ACE_LIT,1,1/1/89,5/26/20,DUKE,1,1/1/89,5/26/20,DUKE,1,1/1/89,5/26/20,ACE_LIT,1,1/1/89,5/26/20,DUKE
1145,1,2/1/46,12/31/20,TWDB,0,NA,NA,NA,1,2/1/46,12/31/20,usgs_7314500,1,3/6/99,12/31/20,TWDB,0,NA,NA,NA
1146,1,3/25/99,1/29/21,TWDB,0,NA,NA,NA,0,NA,NA,NA,1,3/25/99,1/29/21,TWDB,0,NA,NA,NA
1148,1,4/2/64,1/29/21,TWDB,0,NA,NA,NA,0,NA,NA,NA,1,1/22/99,1/29/21,TWDB,0,NA,NA,NA
1149,1,3/5/99,1/29/21,TWDB,0,NA,NA,NA,0,NA,NA,NA,1,3/5/99,1/29/21,TWDB,0,NA,NA,NA
1150,1,10/2/76,1/29/21,TWDB,0,NA,NA,NA,0,NA,NA,NA,1,7/4/98,1/29/21,TWDB,0,NA,NA,NA
1151,1,6/30/87,5/17/20,ACE_FOR,1,10/1/87,5/17/20,ACE_FOR,1,6/30/87,5/17/20,usgs_8051135,1,6/30/87,5/17/20,ACE_FOR,0,NA,NA,NA
1152,1,9/30/91,12/31/20,TWDB,0,NA,NA,NA,1,1/1/80,12/31/20,usgs_7342500,1,9/30/91,12/31/20,TWDB,0,NA,NA,NA
1153,1,1/1/54,5/26/20,ACE_FOR,0,NA,NA,ACE_FOR,0,NA,NA,NA,1,1/1/54,5/26/20,ACE_FOR,0,NA,NA,NA
1154,0,NA,NA,NA,0,NA,NA,NA,0,NA,NA,NA,1,9/21/84,8/15/15,ACE_VIC,0,NA,NA,NA
1156,0,NA,NA,NA,0,NA,NA,NA,0,NA,NA,NA,1,1/28/38,9/30/15,ACE_VIC,0,NA,NA,NA
1158,1,3/4/99,1/29/21,TWDB,0,NA,NA,NA,0,NA,NA,NA,1,3/4/99,1/29/21,TWDB,0,NA,NA,NA
1159,1,10/2/77,1/29/21,TWDB,0,NA,NA,NA,0,NA,NA,NA,1,10/2/96,1/29/21,TWDB,0,NA,NA,NA
1160,1,3/26/99,1/29/21,TWDB,0,NA,NA,NA,0,NA,NA,NA,1,3/26/99,1/29/21,TWDB,0,NA,NA,NA
1161,1,10/2/63,1/29/21,TWDB,0,NA,NA,NA,0,NA,NA,NA,1,10/2/96,1/29/21,TWDB,0,NA,NA,NA
1163,1,8/9/77,1/29/21,TWDB,0,NA,NA,NA,0,NA,NA,NA,1,10/2/87,1/29/21,TWDB,0,NA,NA,NA
1164,1,11/1/54,12/31/20,TWDB,0,NA,NA,NA,1,11/1/54,12/31/20,usgs_8053000,1,11/1/54,12/31/20,TWDB,0,NA,NA,NA
1165,1,10/1/97,1/29/21,TWDB,0,NA,NA,NA,0,NA,NA,NA,1,10/1/97,1/29/21,TWDB,0,NA,NA,NA
1166,1,7/1/53,1/29/21,TWDB,0,NA,NA,NA,0,NA,NA,NA,1,2/12/99,1/29/21,TWDV,0,NA,NA,NA
1167,1,7/2/98,1/29/21,TWDB,0,NA,NA,NA,0,NA,NA,NA,1,7/2/98,1/29/21,TWDB,0,NA,NA,NA
1170,1,10/2/53,12/31/20,TWDB,1,6/1/82,12/31/20,DUKE,1,9/14/54,12/31/20,DUKE,1,9/14/54,12/31/20,ACE_FOR,1,1/1/93,12/31/20,DUKE
1171,1,7/2/52,12/31/20,TWDB,0,NA,NA,NA,1,7/2/52,12/31/20,usgs_8055000,1,10/27/89,12/31/20,TWDB,0,NA,NA,NA
1176,1,3/22/41,12/31/20,TWDB,0,NA,NA,NA,1,10/1/89,12/31/20,usgs_8088610,1,1/1/47,12/31/20,TWDB,0,NA,NA,NA
1177,1,2/28/34,1/29/21,TWDB,0,NA,NA,NA,1,2/20/09,1/29/21,usgs_08045000,1,1/3/88,1/29/21,TWDB,0,NA,NA,NA
1179,1,10/2/62,12/31/20,TWDB,0,NA,NA,NA,1,9/25/15,12/31/20,usgs_8086500,1,4/9/97,12/31/20,TWDB,0,NA,NA,NA
1181,1,10/2/60,12/31/20,TWDB,0,NA,NA,NA,1,10/1/70,12/31/20,usgs_8017410,1,10/2/95,12/31/20,TWDB,0,NA,NA,NA
1182,1,10/2/79,12/31/20,TWDB,0,NA,NA,NA,1,10/2/79,12/31/20,usgs_8019000,1,10/2/88,12/31/20,TWDB,0,NA,NA,NA
1183,1,10/2/96,12/31/20,TWDB,0,NA,NA,NA,1,1/1/80,12/31/20,usgs_8061750,1,10/2/96,12/31/20,TWDB,0,NA,NA,NA
1184,1,10/2/81,1/29/21,TWDB,0,NA,NA,NA,1,2/20/09,1/29/21,usgs_08045400,1,10/2/90,1/29/21,TWDB,0,NA,NA,NA
1185,1,8/29/98,12/31/20,TWDB,0,NA,NA,NA,1,5/1/80,12/31/20,usgs_8045850,1,8/29/98,12/31/20,TWDB,0,NA,NA,NA
1186,1,8/23/57,12/31/20,TWDB,0,NA,NA,NA,1,8/23/57,12/31/20,usgs_7346000,1,8/23/57,12/31/20,TWDB,0,NA,NA,NA
1188,1,10/2/60,12/31/20,TWDB,0,NA,NA,NA,1,10/2/60,12/31/20,usgs_8050100,1,10/2/87,12/31/20,TWDB,0,NA,NA,NA
1189,1,4/22/99,1/29/21,TWDB,0,NA,NA,NA,0,NA,NA,NA,1,4/22/99,1/29/21,TWDB,0,NA,NA,NA
1190,1,4/2/57,1/29/21,TWDB,0,NA,NA,NA,0,NA,NA,NA,1,1/3/88,1/29/21,TWDB,0,NA,NA,NA
1192,1,7/11/32,7/13/20,ACE_VIC,1,7/11/32,7/13/20,ACE_VIC,1,7/11/32,7/13/20,ACE_VIC,0,NA,NA,NA,1,7/11/32,7/13/20,ACE_VIC
1194,1,10/2/52,12/31/20,TWDB,0,NA,NA,NA,1,10/2/52,12/31/20,usgs_8047000,1,9/30/88,12/31/20,TWDB,0,NA,NA,NA
1196,1,2/20/99,1/29/21,TWDB,0,NA,NA,NA,0,NA,NA,NA,1,2/20/99,1/29/21,TWDB,0,NA,NA,NA
1197,1,1/6/86,5/26/20,ACE_FOR,1,1/6/86,5/26/20,DUKE,1,1/6/86,5/26/20,DUKE,1,1/6/86,5/26/20,ACE_FOR,1,1/1/93,5/26/20,DUKE
1198,1,10/1/65,1/29/21,TWDB,0,NA,NA,NA,0,NA,NA,NA,1,3/4/99,1/29/21,TWDB,0,NA,NA,NA
1201,1,1/2/54,12/31/20,TWDB,0,NA,NA,NA,1,10/1/58,12/31/20,usgs_8119500,1,2/19/99,12/31/20,TWDB,0,NA,NA,NA
1202,1,1/1/88,1/28/21,BOR,1,10/1/90,1/28/21,BOR,1,10/1/90,1/28/21,BOR,1,1/1/88,1/28/21,BOR,0,NA,NA,BOR
1205,1,2/11/99,1/29/21,TWDB,0,NA,NA,NA,0,NA,NA,NA,1,2/11/99,1/29/21,TWDB,0,NA,NA,NA
1207,1,1/1/65,9/29/20,PRVWD,1,1/1/65,9/29/20,PRVWD,1,1/1/65,9/29/20,PRVWD,1,1/1/65,9/29/20,PRVWD,0,NA,NA,NA
1208,1,10/2/72,12/31/20,TWDB,0,NA,NA,NA,1,1/19/12,12/31/20,usgs_8090905,1,10/2/87,12/31/20,TWDB,0,NA,NA,NA
1210,1,2/1/55,1/29/21,TWDB,0,NA,NA,NA,0,NA,NA,NA,1,3/31/99,1/29/21,TWDB,0,NA,NA,NA
1212,1,4/3/99,1/29/21,TWDB,0,NA,NA,NA,0,NA,NA,NA,1,4/3/99,1/29/21,TWDB,0,NA,NA,NA
1214,1,4/2/49,1/29/21,TWDB,0,NA,NA,NA,0,NA,NA,NA,1,10/2/96,1/29/21,TWDB,0,NA,NA,NA
1216,1,10/2/94,12/31/20,TWDB,0,NA,NA,NA,1,1/1/80,12/31/20,usgs_8091750,1,10/2/94,12/31/20,TWDB,0,NA,NA,NA
1217,1,10/2/59,1/29/21,TWDB,0,NA,NA,NA,0,NA,NA,NA,1,5/30/97,1/29/21,TWDB,0,NA,NA,NA
1218,1,6/18/98,12/31/20,TWDB,0,NA,NA,NA,1,1/1/80,12/31/20,usgs_8092000,1,6/18/98,12/31/20,TWDB,0,NA,NA,NA
1219,1,4/11/74,12/31/20,TWDB,0,NA,NA,NA,1,4/12/74,12/31/20,usgs_8022070,1,10/2/95,12/31/20,TWDB,0,NA,NA,NA
1220,1,11/2/65,12/31/20,TWDB,0,NA,NA,NA,1,11/2/65,12/31/20,usgs_8063800,1,10/1/88,12/31/20,TWDB,0,NA,NA,NA
1222,1,3/5/99,1/29/21,TWDB,0,NA,NA,NA,0,NA,NA,NA,1,3/5/99,1/29/21,TWDB,0,NA,NA,NA
1226,1,10/2/00,1/29/21,TWDB,0,NA,NA,NA,0,NA,NA,NA,1,10/2/00,1/29/21,TWDB,0,NA,NA,NA
1231,1,2/2/62,12/31/20,TWDB,0,NA,NA,NA,1,2/2/62,12/31/20,usgs_8032000,1,5/13/99,12/31/20,TWDB,0,NA,NA,NA
1232,1,5/1/53,1/29/21,TWDB,0,NA,NA,NA,0,NA,NA,NA,1,3/27/99,1/29/21,TWDB,0,NA,NA,NA
1233,1,4/8/99,12/31/20,TWDB,0,NA,NA,NA,1,1/1/80,12/31/20,usgs_8022300,1,4/8/99,12/31/20,TWDB,0,NA,NA,NA
1234,1,2/26/99,1/29/21,TWDB,0,NA,NA,NA,0,NA,NA,NA,1,2/26/99,1/29/21,TWDB,0,NA,NA,NA
1236,1,2/1/63,12/31/20,ACE_FOR,0,NA,NA,ACE_FOR,1,2/1/63,12/31/20,ACE_FOR,1,2/1/63,12/31/20,ACE_FOR,0,NA,NA,NA
1237,1,9/2/62,1/29/21,TWDB,1,10/7/62,1/29/21,ACE_FOR,1,11/1/62,1/29/21,ACE_FOR,1,1/1/63,1/29/21,ACE_FOR,1,10/1/81,1/29/21,ACE_FOR
1238,1,10/1/00,12/31/20,usgs_8064550,0,NA,NA,NA,0,NA,NA,NA,0,NA,NA,NA,0,NA,NA,NA
1240,1,1/30/17,1/29/21,TWDB,0,NA,NA,NA,0,NA,NA,NA,1,1/30/17,1/29/21,TWDB,0,NA,NA,NA
1241,1,5/14/99,1/29/21,TWDB,0,NA,NA,NA,0,NA,NA,NA,1,5/14/99,1/29/21,TWDB,0,NA,NA,NA
1242,1,2/1/37,12/31/20,TWDB,0,NA,NA,NA,1,6/1/37,12/31/20,usgs_8412500,1,4/17/99,12/31/20,TWDB,0,NA,NA,NA
1243,1,12/2/68,12/31/20,TWDB,0,NA,NA,NA,1,12/2/68,12/31/20,usgs_8124000,1,1/25/97,12/31/20,TWDB,0,NA,NA,NA
1245,1,10/2/83,12/31/20,TWDB,0,NA,NA,NA,1,1/1/80,12/31/20,usgs_8093360,1,9/30/88,12/31/20,TWDB,0,NA,NA,NA
1247,1,1/2/52,12/31/20,TWDB,0,NA,NA,NA,1,1/2/52,12/31/20,usgs_8093100,1,10/2/99,12/31/20,TWDB,0,NA,NA,NA
1248,1,7/1/33,12/31/20,TWDB,0,NA,NA,NA,1,10/17/18,12/31/20,usgs_8143500,1,2/24/99,12/31/20,TWDB,0,NA,NA,NA
1249,1,6/9/48,12/31/20,ACE_FOR,1,4/2/48,12/31/20,ACE_FOR,1,6/9/48,12/31/20,ACE_FOR,1,6/9/48,12/31/20,ACE_FOR,1,10/1/81,12/31/20,ACE_FOR
1254,1,8/2/64,12/31/20,TWDB,1,2/26/65,12/31/20,ACE_FOR,1,8/1/64,12/31/20,usgs_8095600,1,8/1/64,12/31/20,ACE_FOR,0,NA,NA,NA
1257,1,10/1/00,12/31/20,TWDB,0,NA,NA,NA,1,1/1/80,12/31/20,TWDB,0,NA,NA,NA,0,NA,NA,NA
1258,1,2/1/52,12/31/20,ACE_FOR,1,1/1/75,12/31/20,ACE_FOR,1,2/1/52,12/31/20,usgs_8135000,1,2/1/52,12/31/20,ACE_FOR,0,NA,NA,NA
1261,1,5/12/99,1/29/21,TWDB,0,NA,NA,NA,0,NA,NA,NA,1,5/12/99,1/29/21,TWDB,0,NA,NA,NA
1262,1,5/1/88,5/5/20,BOR,0,NA,NA,NA,1,5/1/88,5/5/20,BOR,1,5/1/88,5/5/20,BOR,0,NA,NA,NA
1263,1,10/2/62,1/29/21,BOR,0,NA,NA,NA,0,NA,NA,NA,1,10/1/00,1/29/21,BOR,0,NA,NA,NA
1266,1,12/1/78,12/31/20,TWDB,0,NA,NA,NA,1,12/1/78,12/31/20,usgs_8110500,1,10/3/95,12/31/20,TWDB,0,NA,NA,NA
1269,1,10/2/66,12/31/20,TWDB,0,NA,NA,NA,1,10/1/71,12/31/20,usgs_8025360,1,10/2/86,12/31/20,TWDB,0,NA,NA,NA
1271,1,5/2/63,12/31/20,TWDB,0,NA,NA,NA,1,5/2/63,12/31/20,usgs_8145000,1,1/22/99,12/31/20,TWDB,0,NA,NA,NA
1273,1,3/2/54,12/31/20,TWDB,0,NA,NA,NA,1,3/2/54,12/31/20,usgs_8102500,1,3/9/88,12/31/20,TWDB,0,NA,NA,NA
1275,1,1/2/65,1/29/21,TWDB,1,1/1/75,1/29/21,ACE_FOR,1,3/28/65,1/29/21,ACE_FOR,1,3/28/65,1/29/21,ACE_FOR,0,NA,NA,NA
1277,1,9/2/66,12/31/20,TWDB,0,NA,NA,NA,1,9/2/66,12/31/20,usgs_8104100,1,10/1/88,12/31/20,TWDB,0,NA,NA,NA
1279,1,5/2/51,12/31/20,TWDB,0,NA,NA,NA,1,5/2/51,12/31/20,usgs_8040600,1,10/7/87,12/31/20,TWDB,0,NA,NA,NA
1280,1,6/30/37,1/29/21,TWDB,0,NA,NA,NA,1,7/1/43,1/29/21,LCRA,1,6/30/37,1/29/21,TWDB,0,NA,NA,NA
1283,1,1/1/66,1/29/21,TWDB,0,NA,NA,NA,1,7/1/43,1/29/21,LCRA,1,1/1/66,1/29/21,TWDB,0,NA,NA,NA
1285,1,1/22/80,12/31/20,TWDB,0,NA,NA,NA,1,1/1/80,12/31/20,usgs_8105700,1,10/2/95,12/31/20,TWDB,0,NA,NA,NA
1286,1,3/4/80,12/31/20,TWDB,0,NA,NA,NA,1,1/1/80,12/31/20,usgs_8104700,1,10/2/95,12/31/20,TWDB,0,NA,NA,NA
1287,1,10/2/68,12/31/20,TWDB,0,NA,NA,NA,1,10/2/68,12/31/20,usgs_8066250,1,10/3/96,12/31/20,TWDB,0,NA,NA,NA
1291,1,8/1/51,1/29/21,TWDB,0,NA,NA,NA,1,8/1/51,1/29/21,LCRA,1,8/1/51,1/29/21,TWDB,0,NA,NA,NA
1292,1,1/1/66,1/29/21,TWDB,0,NA,NA,NA,1,8/1/51,1/29/21,LCRA,1,1/1/66,1/29/21,TWDB,0,NA,NA,NA
1294,1,9/30/40,1/29/21,TWDB,0,NA,NA,NA,1,7/1/43,1/29/21,LCRA,1,9/30/40,1/29/21,TWDB,0,NA,NA,NA
1295,1,1/10/73,12/31/20,TWDB,0,NA,NA,NA,1,10/18/73,12/31/20,usgs_8067650,1,10/2/96,12/31/20,TWDB,0,NA,NA,NA
1296,1,2/2/66,12/31/20,ACE_FOR,0,NA,NA,NA,1,2/2/66,12/31/20,usgs_8110000,1,10/2/95,12/31/20,ACE_FOR,0,NA,NA,NA
1297,1,1/1/66,1/29/21,TWDB,0,NA,NA,NA,1,7/1/43,1/29/21,LCRA,1,1/1/66,1/29/21,TWDB,0,NA,NA,NA
1300,1,10/1/99,12/31/20,usgs_8072000,0,NA,NA,NA,0,NA,NA,NA,0,NA,NA,NA,0,NA,NA,NA
1302,1,7/25/62,12/31/20,TWDB,0,NA,NA,NA,1,7/25/62,12/31/20,usgs_8167800,1,10/1/88,12/31/20,TWDB,0,NA,NA,NA
1305,1,8/9/97,12/31/20,TWDB,0,NA,NA,NA,1,1/19/01,12/31/20,usgs_8180500,1,8/9/97,12/31/20,TWDB,0,NA,NA,NA
1312,1,6/18/99,1/29/21,TWDB,0,NA,NA,NA,0,NA,NA,NA,1,6/18/99,1/29/21,TWDB,0,NA,NA,NA
1315,1,10/2/86,12/31/20,TWDB,0,NA,NA,NA,1,1/1/80,12/31/20,usgs_8177500,1,11/6/98,12/31/20,TWDB,0,NA,NA,NA
1316,1,10/1/84,12/31/20,BOR,0,NA,NA,NA,1,11/19/91,12/31/20,BOR,1,10/1/99,12/31/20,BOR,0,NA,NA,NA
1317,1,9/1/48,12/31/20,BOR,0,NA,NA,NA,1,9/1/48,12/31/20,BOR,1,9/1/98,12/31/20,BOR,0,NA,NA,NA
1585,1,10/1/87,3/19/17,ACE_PHI,1,10/1/87,3/19/17,ACE_PHI,1,10/1/87,3/19/17,ACE_PHI,1,10/1/87,3/19/17,ACE_PHI,0,NA,NA,NA
1586,1,1/1/69,1/21/20,ACE_LOU,1,12/31/82,1/21/20,ACE_LOU,1,12/31/82,1/21/20,ACE_LOU,1,1/1/69,1/21/20,ACE_LOU,0,NA,NA,NA
1587,1,1/1/67,1/21/20,ACE_LOU,1,12/31/82,1/21/20,ACE_LOU,1,12/31/82,1/21/20,ACE_LOU,1,1/1/67,1/21/20,ACE_LOU,0,NA,NA,NA
1592,1,11/1/67,1/21/20,ACE_LOU,1,12/31/82,1/21/20,ACE_LOU,1,12/31/82,1/21/20,ACE_LOU,1,11/1/67,1/21/20,ACE_LOU,0,NA,NA,NA
1595,1,12/31/86,11/26/17,ACE_HUN,1,1/1/62,11/26/17,ACE_HUN,1,1/1/62,11/26/17,ACE_HUN,1,1/1/62,11/26/17,ACE_HUN,0,NA,NA,NA
1600,1,12/31/86,11/26/17,ACE_HUN,1,9/21/00,11/26/17,ACE_HUN,1,1/1/62,11/26/17,ACE_HUN,1,9/21/00,11/26/17,ACE_HUN,0,NA,NA,NA
1606,1,12/31/86,11/26/17,ACE_HUN,1,1/1/62,11/26/17,ACE_HUN,1,1/1/62,11/26/17,ACE_HUN,1,1/1/62,11/26/17,ACE_HUN,0,NA,NA,NA
1615,1,10/1/87,3/19/17,ACE_PHI,1,10/1/87,3/19/17,ACE_PHI,1,10/1/87,3/19/17,ACE_PHI,1,10/1/87,3/19/17,ACE_PHI,0,NA,NA,NA
1617,1,12/31/86,11/26/17,ACE_HUN,1,1/1/62,11/26/17,ACE_HUN,1,1/1/62,11/26/17,ACE_HUN,1,1/1/62,11/26/17,ACE_HUN,0,NA,NA,NA
1619,1,12/31/86,11/26/17,ACE_HUN,1,1/1/62,11/26/17,ACE_HUN,1,1/1/62,11/26/17,ACE_HUN,1,1/1/62,11/26/17,ACE_HUN,0,NA,NA,NA
1620,1,12/31/86,11/26/17,ACE_HUN,1,1/1/62,11/26/17,ACE_HUN,1,1/1/62,11/26/17,ACE_HUN,1,1/1/62,11/26/17,ACE_HUN,0,NA,NA,NA
1631,1,12/30/86,11/26/17,ACE_HUN,1,1/1/62,11/26/17,ACE_HUN,1,1/1/62,11/26/17,ACE_HUN,1,1/1/62,11/26/17,ACE_HUN,0,NA,NA,NA
1634,1,3/1/63,1/21/20,ACE_LOU,1,12/31/82,1/21/20,ACE_LOU,1,12/31/82,1/21/20,ACE_LOU,1,3/1/63,1/21/20,ACE_LOU,0,NA,NA,NA
1636,1,12/31/86,11/26/17,ACE_HUN,1,1/1/62,11/26/17,ACE_HUN,1,1/1/62,11/26/17,ACE_HUN,1,1/1/62,11/26/17,ACE_HUN,0,NA,NA,NA
1645,1,9/1/60,1/21/20,ACE_LOU,1,12/31/82,1/21/20,ACE_LOU,1,12/31/82,1/21/20,ACE_LOU,1,9/1/60,1/21/20,ACE_LOU,0,NA,NA,NA
1650,1,12/31/86,11/26/17,ACE_HUN,1,1/1/62,11/26/17,ACE_HUN,1,1/1/62,11/26/17,ACE_HUN,1,1/1/62,11/26/17,ACE_HUN,0,NA,NA,NA
1654,1,3/1/53,1/21/20,ACE_LOU,1,12/31/82,1/21/20,ACE_LOU,1,12/31/82,1/21/20,ACE_LOU,1,3/1/53,1/21/20,ACE_LOU,0,NA,NA,NA
1655,1,1/1/78,1/21/20,ACE_LOU,1,10/31/82,1/21/20,ACE_LOU,1,10/31/82,1/21/20,ACE_LOU,1,1/1/78,1/21/20,ACE_LOU,0,NA,NA,NA
1656,1,1/1/74,1/21/20,ACE_LOU,1,12/31/82,1/21/20,ACE_LOU,1,12/31/82,1/21/20,ACE_LOU,1,1/1/74,1/21/20,ACE_LOU,0,NA,NA,NA
1659,1,2/11/71,12/31/20,ACE_STL,0,NA,NA,NA,1,2/11/71,12/31/20,usgs_5592000,1,2/11/71,12/31/20,ACE_STL,0,NA,NA,NA
1683,1,12/1/77,1/21/20,ACE_LOU,1,10/31/82,1/21/20,ACE_LOU,1,10/31/82,1/21/20,ACE_LOU,1,12/1/77,1/21/20,ACE_LOU,0,NA,NA,NA
1684,1,2/1/65,1/21/20,ACE_LOU,0,NA,NA,ACE_LOU,0,NA,NA,ACE_LOU,1,2/1/65,1/21/20,ACE_LOU,0,NA,NA,NA
1691,1,1/1/86,11/26/17,ACE_HUN,1,1/1/79,11/26/17,ACE_HUN,1,1/1/79,11/26/17,ACE_HUN,1,1/1/79,11/26/17,ACE_HUN,0,NA,NA,NA
1699,1,12/31/82,11/26/17,ACE_HUN,1,1/1/61,11/26/17,ACE_HUN,1,1/1/61,11/26/17,ACE_HUN,1,1/1/61,11/26/17,ACE_HUN,0,NA,NA,NA
1703,1,9/1/77,1/21/20,ACE_LOU,1,12/31/82,1/21/20,ACE_LOU,1,12/31/82,1/21/20,ACE_LOU,1,9/1/77,1/21/20,ACE_LOU,0,NA,NA,NA
1706,1,12/31/86,11/26/17,ACE_HUN,1,1/1/62,11/26/17,ACE_HUN,1,1/1/62,11/26/17,ACE_HUN,1,1/1/62,11/26/17,ACE_HUN,0,NA,NA,NA
1707,1,1/1/87,11/26/17,ACE_HUN,1,1/1/68,11/26/17,ACE_HUN,1,1/1/68,11/26/17,ACE_HUN,1,1/1/68,11/26/17,ACE_HUN,0,NA,NA,NA
1709,1,1/1/83,11/26/17,ACE_HUN,1,1/1/67,11/26/17,ACE_HUN,1,1/1/67,11/26/17,ACE_HUN,1,1/1/67,11/26/17,ACE_HUN,0,NA,NA,NA
1712,1,1/1/86,11/26/17,ACE_HUN,1,1/1/72,11/26/17,ACE_HUN,1,1/1/72,11/26/17,ACE_HUN,1,1/1/72,11/26/17,ACE_HUN,0,NA,NA,NA
1713,1,6/8/91,11/26/17,ACE_HUN,1,6/13/00,11/26/17,ACE_HUN,1,6/8/91,11/26/17,ACE_HUN,1,6/13/00,11/26/17,ACE_HUN,0,NA,NA,NA
1714,1,2/1/74,1/21/20,ACE_LOU,1,11/24/82,1/21/20,ACE_LOU,1,11/24/82,1/21/20,ACE_LOU,1,2/1/74,1/21/20,ACE_LOU,0,NA,NA,NA
1716,1,1/16/71,5/27/20,ACE_STL,1,1/14/71,5/27/20,DUKE,1,1/14/71,5/27/20,DUKE,1,1/16/71,5/27/20,DUKE,0,NA,NA,NA
1718,1,2/28/83,1/21/20,ACE_LOU,1,2/28/83,1/21/20,ACE_LOU,1,2/28/83,1/21/20,ACE_LOU,1,2/28/83,1/21/20,ACE_LOU,0,NA,NA,NA
1720,1,11/10/73,11/14/14,ACE_STL,0,NA,NA,NA,0,NA,NA,NA,1,11/10/73,11/14/14,ACE_STL,0,NA,NA,NA
1723,1,12/31/86,11/26/17,ACE_HUN,1,1/1/85,11/26/17,ACE_HUN,1,1/1/85,11/26/17,ACE_HUN,1,1/1/85,11/26/17,ACE_HUN,0,NA,NA,NA
1726,1,12/31/86,11/27/17,ACE_HUN,1,1/1/62,11/27/17,ACE_HUN,1,1/1/62,11/27/17,ACE_HUN,1,1/1/62,11/27/17,ACE_HUN,0,NA,NA,NA
1732,1,6/1/59,1/21/20,ACE_LOU,0,NA,NA,ACE_LOU,0,NA,NA,ACE_LOU,1,6/1/59,1/21/20,ACE_LOU,0,NA,NA,NA
1733,1,1/1/86,11/26/17,ACE_HUN,1,2/1/80,11/26/17,ACE_HUN,1,2/1/80,11/26/17,ACE_HUN,1,2/1/80,11/26/17,ACE_HUN,0,NA,NA,NA
1735,1,7/2/87,11/27/17,ACE_HUN,1,1/1/69,11/27/17,ACE_HUN,1,1/1/69,11/27/17,ACE_HUN,1,1/1/69,11/27/17,ACE_HUN,0,NA,NA,NA
1739,1,4/1/60,1/21/20,ACE_LOU,1,11/24/82,1/21/20,ACE_LOU,1,11/24/82,1/21/20,ACE_LOU,1,4/1/60,1/21/20,ACE_LOU,0,NA,NA,NA
1740,1,3/1/63,1/21/20,ACE_LOU,1,12/31/82,1/21/20,ACE_LOU,1,12/31/82,1/21/20,ACE_LOU,1,3/1/63,1/21/20,ACE_LOU,0,NA,NA,NA
1741,1,2/1/69,1/21/20,ACE_LOU,1,12/31/82,1/21/20,ACE_LOU,1,12/31/82,1/21/20,ACE_LOU,1,2/1/69,1/21/20,ACE_LOU,0,NA,NA,NA
1742,1,12/31/86,11/26/17,ACE_HUN,1,1/1/65,11/26/17,ACE_HUN,1,1/1/65,11/26/17,ACE_HUN,1,1/1/65,11/26/17,ACE_HUN,0,NA,NA,NA
1744,1,1/1/76,1/21/20,ACE_LOU,1,11/24/82,1/21/20,ACE_LOU,1,11/24/82,1/21/20,ACE_LOU,1,1/1/76,1/21/20,ACE_LOU,0,NA,NA,NA
1752,1,7/1/64,11/18/19,ACE_NAS,1,7/4/64,11/18/19,ACE_NAS,1,7/4/64,11/18/19,ACE_NAS,1,7/4/64,11/18/19,ACE_NAS,0,NA,NA,NA
1753,1,8/1/44,5/31/20,TVA,1,8/1/44,5/31/20,TVA,1,8/31/44,5/31/20,TVA,1,8/1/44,5/31/20,TVA,0,NA,NA,NA
1754,1,3/1/74,11/17/19,ACE_NAS,1,3/2/74,11/17/19,ACE_NAS,1,3/1/74,11/17/19,ACE_NAS,1,3/1/74,11/17/19,ACE_NAS,0,NA,NA,NA
1755,1,5/1/64,1/21/20,ACE_LOU,1,12/31/82,1/21/20,ACE_LOU,1,12/31/82,1/21/20,ACE_LOU,1,5/1/64,1/21/20,ACE_LOU,0,NA,NA,NA
1756,1,8/31/50,11/17/19,ACE_NAS,1,9/1/50,11/17/19,ACE_NAS,1,8/8/50,11/17/19,ACE_NAS,1,8/7/50,11/17/19,ACE_NAS,0,NA,NA,NA
1758,1,12/1/51,12/31/20,ACE_WIL,0,NA,NA,NA,1,12/1/51,12/31/20,ACE_WIL,1,12/1/51,12/31/20,ACE_WIL,0,NA,NA,NA
1761,1,7/1/52,6/30/20,DUKE,1,7/1/52,6/30/20,DUKE,1,7/1/52,6/30/20,DUKE,1,7/1/52,6/30/20,DUKE,0,NA,NA,NA
1762,1,1/1/46,11/17/19,ACE_NAS,1,1/2/46,11/17/19,ACE_NAS,1,1/1/46,11/17/19,ACE_NAS,1,1/1/46,11/17/19,ACE_NAS,0,NA,NA,NA
1763,1,11/20/50,12/6/19,TVA,0,NA,NA,NA,1,11/20/50,12/6/19,TVA,1,11/21/50,12/6/19,TVA,0,NA,NA,NA
1765,1,12/16/52,12/5/19,TVA,0,NA,NA,TVA,1,12/16/52,12/5/19,TVA,1,12/17/52,12/5/19,TVA,0,NA,NA,NA
1767,1,12/1/48,12/6/19,TVA,0,NA,NA,NA,1,12/1/48,12/6/19,TVA,1,12/2/48,12/6/19,TVA,0,NA,NA,NA
1768,1,6/1/54,11/17/19,ACE_NAS,1,6/2/54,11/17/19,ACE_NAS,1,6/1/54,11/17/19,ACE_NAS,1,6/1/54,11/17/19,ACE_NAS,0,NA,NA,NA
1770,1,10/1/35,12/5/19,TVA,0,NA,NA,NA,1,10/1/35,12/5/19,TVA,1,10/2/35,12/5/19,TVA,0,NA,NA,NA
1774,1,12/5/41,12/5/19,TVA,0,NA,NA,NA,1,12/5/41,12/5/19,TVA,1,12/6/41,12/5/19,TVA,0,NA,NA,NA
1775,1,9/1/67,11/18/19,ACE_NAS,1,9/2/67,11/18/19,ACE_NAS,1,9/1/67,11/18/19,ACE_NAS,1,9/1/67,11/18/19,ACE_NAS,0,NA,NA,NA
1776,1,10/1/62,6/30/20,DUKE,1,10/1/62,6/30/20,DUKE,1,10/1/62,6/30/20,DUKE,1,10/1/62,6/30/20,DUKE,0,NA,NA,NA
1777,1,8/10/48,11/18/19,ACE_NAS,1,8/11/48,11/18/19,ACE_NAS,1,8/10/48,11/18/19,ACE_NAS,1,8/10/48,11/18/19,ACE_NAS,0,NA,NA,NA
1781,1,2/19/43,12/6/19,TVA,0,NA,NA,NA,1,2/19/43,12/6/19,TVA,1,2/20/43,12/6/19,TVA,0,NA,NA,NA
1782,1,12/1/83,6/30/20,DUKE,1,12/1/83,6/30/20,DUKE,1,12/1/83,6/30/20,DUKE,1,12/1/83,6/30/20,DUKE,0,NA,NA,NA
1783,1,1/1/62,12/5/19,TVA,0,NA,NA,NA,1,1/1/62,12/5/19,TVA,1,1/2/62,12/5/19,TVA,0,NA,NA,NA
1786,1,1/1/07,9/17/20,DUKE_ENE,0,NA,NA,NA,1,1/1/07,9/17/20,DUKE_ENE,1,1/1/07,9/17/20,DUKE_ENE,0,NA,NA,NA
1787,1,10/1/38,12/6/19,TVA,0,NA,NA,NA,1,10/1/38,12/6/19,TVA,1,10/2/38,12/6/19,TVA,0,NA,NA,NA
1788,1,1/1/81,12/6/19,TVA,0,NA,NA,NA,1,1/1/58,12/6/19,TVA,1,1/2/82,12/6/19,TVA,0,NA,NA,NA
1789,1,1/1/07,9/17/20,DUKE_ENE,0,NA,NA,NA,1,1/1/07,9/17/20,DUKE_ENE,1,1/1/07,9/17/20,DUKE_ENE,0,NA,NA,NA
1790,1,1/1/07,9/17/20,DUKE_ENE,0,NA,NA,NA,1,1/1/07,9/17/20,DUKE_ENE,1,1/1/07,9/17/20,DUKE_ENE,0,NA,NA,NA
1791,1,1/1/07,9/17/20,DUKE_ENE,0,NA,NA,NA,1,1/1/07,9/17/20,DUKE_ENE,1,1/1/07,9/17/20,DUKE_ENE,0,NA,NA,NA
1794,1,1/1/86,12/5/19,TVA,0,NA,NA,NA,1,7/6/94,12/5/19,TVA,1,1/2/82,12/5/19,TVA,0,NA,NA,NA
1796,1,2/4/82,6/30/20,DUKE,1,1/1/74,6/30/20,DUKE,1,1/1/74,6/30/20,DUKE,1,1/1/74,6/30/20,DUKE,0,NA,NA,NA
1797,1,1/1/42,12/6/19,TVA,0,NA,NA,NA,1,1/1/42,12/6/19,TVA,1,1/2/42,12/6/19,TVA,0,NA,NA,NA
1800,1,1/1/76,12/5/19,TVA,0,NA,NA,NA,1,1/1/76,12/5/19,TVA,1,1/2/76,12/5/19,TVA,0,NA,NA,NA
1801,1,10/1/44,12/6/19,TVA,0,NA,NA,NA,1,10/1/44,12/6/19,TVA,1,10/2/44,12/6/19,TVA,0,NA,NA,NA
1804,1,1/1/07,9/17/20,DUKE_ENE,0,NA,NA,NA,1,1/1/07,9/17/20,DUKE_ENE,1,1/1/07,9/17/20,DUKE_ENE,0,NA,NA,NA
1809,1,1/1/07,9/17/20,DUKE_ENE,0,NA,NA,NA,1,1/1/07,9/17/20,DUKE_ENE,1,1/1/07,9/17/20,DUKE_ENE,0,NA,NA,NA
1812,1,1/1/12,8/31/20,DUKE_ENE,0,NA,NA,NA,1,1/1/12,8/31/20,DUKE_ENE,1,1/1/12,8/31/20,DUKE_ENE,0,NA,NA,NA
1814,1,10/1/00,7/13/20,DUKE_ENE,0,NA,NA,NA,1,1/1/00,7/13/20,DUKE_ENE,1,1/1/00,7/13/20,DUKE_ENE,0,NA,NA,NA
1815,1,1/1/12,8/31/20,DUKE_ENE,0,NA,NA,NA,1,1/1/12,8/31/20,DUKE_ENE,1,1/1/12,8/31/20,DUKE_ENE,0,NA,NA,NA
1816,1,1/1/12,8/31/20,DUKE_ENE,0,NA,NA,NA,1,1/1/12,8/31/20,DUKE_ENE,1,1/1/12,8/31/20,DUKE_ENE,0,NA,NA,NA
1817,1,2/13/43,12/5/19,TVA,0,NA,NA,NA,1,2/13/43,12/5/19,TVA,1,2/14/43,12/5/19,TVA,0,NA,NA,NA
1818,1,1/1/40,12/6/19,TVA,0,NA,NA,NA,1,1/1/40,12/6/19,TVA,1,1/2/40,12/6/19,TVA,0,NA,NA,NA
1822,1,1/1/40,12/5/19,TVA,0,NA,NA,NA,1,3/1/40,12/5/19,TVA,1,1/2/40,12/5/19,TVA,0,NA,NA,NA
1823,1,10/1/39,12/6/19,TVA,0,NA,NA,NA,1,10/1/39,12/6/19,TVA,1,10/2/39,12/6/19,TVA,0,NA,NA,NA
1824,1,10/1/37,12/6/19,TVA,0,NA,NA,NA,1,10/1/37,12/6/19,TVA,1,10/2/37,12/6/19,TVA,0,NA,NA,NA
1827,1,1/1/07,9/17/20,DUKE_ENE,0,NA,NA,NA,1,1/1/07,9/17/20,DUKE_ENE,1,1/1/07,9/17/20,DUKE_ENE,0,NA,NA,NA
1828,1,2/12/42,12/5/19,TVA,0,NA,NA,NA,1,2/12/42,12/5/19,TVA,1,2/13/42,12/5/19,TVA,0,NA,NA,NA
1829,1,6/30/37,12/5/19,TVA,0,NA,NA,NA,1,6/30/37,12/5/19,TVA,1,7/1/37,12/5/19,TVA,0,NA,NA,NA
1831,1,1/1/00,7/14/20,DUKE_ENE,0,NA,NA,NA,1,1/1/00,7/14/20,DUKE_ENE,1,1/1/00,7/14/20,DUKE_ENE,0,NA,NA,NA
1833,1,1/23/42,12/5/19,TVA,0,NA,NA,NA,1,1/23/42,12/5/19,TVA,1,1/24/42,12/5/19,TVA,0,NA,NA,NA
1834,1,10/1/39,12/5/19,TVA,0,NA,NA,NA,1,2/1/40,12/5/19,TVA,1,10/2/39,12/5/19,TVA,0,NA,NA,NA
1835,1,10/1/35,12/6/19,TVA,0,NA,NA,NA,1,6/30/37,12/6/19,TVA,1,10/2/35,12/6/19,TVA,0,NA,NA,NA
1836,1,8/16/16,9/18/20,DUKE_ENE,0,NA,NA,NA,1,8/16/16,9/18/20,DUKE_ENE,1,8/16/16,9/18/20,DUKE_ENE,0,NA,NA,NA
1841,1,7/18/75,12/31/20,ACE_MOB,0,NA,NA,NA,1,7/18/75,12/31/20,usgs_2382500,1,7/18/75,12/31/20,ACE_MOB,0,NA,NA,NA
1842,1,1/1/07,9/17/20,DUKE_ENE,0,NA,NA,NA,1,1/1/07,9/17/20,DUKE_ENE,1,1/1/07,9/17/20,DUKE_ENE,0,NA,NA,NA
1843,1,1/1/79,12/5/19,TVA,0,NA,NA,NA,1,1/1/79,12/5/19,TVA,1,2/13/79,12/5/19,TVA,0,NA,NA,NA
1845,1,3/24/17,5/20/20,ACE_MOB,0,NA,NA,NA,0,NA,NA,NA,1,3/14/90,5/20/20,ACE_MOB,0,NA,NA,NA
1846,1,1/1/76,12/5/19,TVA,0,NA,NA,NA,1,1/1/76,12/5/19,TVA,1,1/2/76,12/5/19,TVA,0,NA,NA,NA
1847,1,10/1/38,12/6/19,TVA,0,NA,NA,NA,1,10/1/38,12/6/19,TVA,1,10/2/38,12/6/19,TVA,0,NA,NA,NA
1848,1,1/1/60,12/31/19,ACE_VIC,1,1/1/60,12/31/19,ACE_VIC,1,1/1/60,12/31/19,ACE_VIC,1,1/1/60,12/31/19,ACE_VIC,1,1/1/60,12/31/19,ACE_VIC
1851,1,1/1/62,6/3/20,ACE_SAV,1,4/24/62,6/3/20,ACE_SAV,1,4/24/62,6/3/20,ACE_SAV,1,1/1/62,6/3/20,ACE_SAV,0,NA,NA,NA
1852,1,1/1/07,9/17/20,DUKE_ENE,0,NA,NA,NA,1,1/1/07,9/17/20,DUKE_ENE,1,1/1/07,9/17/20,DUKE_ENE,0,NA,NA,NA
1855,1,1/1/78,12/6/19,TVA,0,NA,NA,NA,1,1/1/78,12/6/19,TVA,1,1/2/78,12/6/19,TVA,0,NA,NA,NA
1856,0,NA,NA,NA,0,NA,NA,NA,0,NA,NA,NA,1,6/9/88,9/30/15,ACE_MOB,0,NA,NA,NA
1862,1,1/1/52,12/31/20,ACE_MOB,0,NA,NA,NA,1,1/1/52,12/31/20,usgs_2394000,1,1/1/52,12/31/20,ACE_MOB,0,NA,NA,NA
1863,1,5/1/59,12/31/20,ACE_MOB,0,NA,NA,NA,1,5/1/59,12/31/20,usgs_2334430,1,5/1/59,12/31/20,ACE_MOB,0,NA,NA,NA
1864,1,1/1/62,12/31/19,ACE_VIC,1,1/1/62,12/31/19,ACE_VIC,1,1/1/62,12/31/19,ACE_VIC,1,1/1/62,12/31/19,ACE_VIC,1,1/1/62,12/31/19,ACE_VIC
1865,1,3/29/17,5/20/20,ACE_MOB,0,NA,NA,NA,0,NA,NA,NA,1,1/1/85,5/20/20,ACE_MOB,0,NA,NA,NA
1868,0,NA,NA,NA,0,NA,NA,NA,0,NA,NA,NA,1,1/1/85,5/20/20,ACE_MOB,0,NA,NA,NA
1869,1,1/1/61,12/31/19,ACE_VIC,1,1/1/61,12/31/19,ACE_VIC,1,1/1/61,12/31/19,ACE_VIC,1,1/1/61,12/31/19,ACE_VIC,1,1/1/61,12/31/19,ACE_VIC
1872,1,12/31/69,6/3/20,ACE_SAV,1,1/1/54,6/3/20,ACE_SAV,1,8/2/90,6/3/20,ACE_SAV,1,5/9/83,6/3/20,ACE_SAV,0,NA,NA,NA
1876,1,3/29/17,12/31/20,ACE_MOB,0,NA,NA,NA,1,4/20/10,12/31/20,usgs_2441390,1,1/1/85,12/31/20,ACE_MOB,0,NA,NA,NA
1883,1,12/27/46,7/13/20,ACE_VIC,1,12/27/46,7/13/20,ACE_VIC,1,12/27/46,7/13/20,ACE_VIC,0,NA,NA,ACE_VIC,1,12/27/46,7/13/20,ACE_VIC
1890,0,NA,NA,NA,1,10/1/07,3/15/21,SAN,1,5/1/42,3/15/21,SAN,1,10/2/89,3/15/21,SAN,0,NA,NA,NA
1896,1,5/9/75,12/31/20,ACE_MOB,0,NA,NA,NA,1,5/9/75,12/31/20,usgs_2339500,1,5/9/75,12/31/20,ACE_MOB,0,NA,NA,NA
1908,1,1/1/18,12/31/20,ACE_MOB,0,NA,NA,NA,1,1/1/69,12/31/20,usgs_2476000,1,1/1/69,12/31/20,ACE_MOB,0,NA,NA,NA
1910,1,12/3/63,9/30/15,DUKE,1,12/3/63,9/30/15,DUKE,1,12/3/63,9/30/15,DUKE,1,12/3/63,9/30/15,DUKE,0,NA,NA,NA
1916,1,2/1/57,5/20/20,ACE_MOB,1,10/1/97,5/20/20,usgs_235750,1,1/1/80,5/20/20,usgs_2358000,1,2/1/57,5/20/20,ACE_MOB,0,NA,NA,NA
1924,0,NA,NA,NA,0,NA,NA,NA,0,NA,NA,NA,1,9/1/42,9/30/93,SWFMD,0,NA,NA,NA
1944,1,7/18/84,3/28/18,SWFMD,0,NA,NA,NA,0,NA,NA,NA,1,7/18/84,3/28/18,SWFMD,0,NA,NA,NA
1957,1,1/1/84,1/31/21,SWFMD,0,NA,NA,NA,0,NA,NA,NA,1,1/1/84,1/31/21,SWFMD,0,NA,NA,NA
2149,1,1/1/97,12/31/20,ACE_CON,0,NA,NA,NA,1,10/1/01,12/31/20,usgs_1081500,1,1/1/97,12/31/20,ACE_CON,0,NA,NA,NA
2158,1,1/1/97,12/31/20,ACE_NEN,1,1/1/97,12/31/20,DUKE,1,1/1/80,12/31/20,usgs_1085500,1,1/1/97,12/31/20,ACE_NEN,0,NA,NA,NA
2180,1,1/1/85,12/31/01,MWRA,0,NA,NA,NA,1,1/1/85,12/31/01,MWRA,1,1/1/85,12/31/01,MWRA,0,NA,NA,NA
2183,1,9/30/05,12/31/20,usgs_1104430,0,NA,NA,NA,0,NA,NA,NA,0,NA,NA,NA,0,NA,NA,NA
2186,1,1/1/64,9/5/20,MWRA,0,NA,NA,NA,1,1/1/64,9/5/20,MWRA,1,1/1/64,9/5/20,MWRA,0,NA,NA,NA
2188,1,1/1/97,9/30/15,DUKE,1,9/21/98,9/30/15,DUKE,1,1/1/97,9/30/15,DUKE,1,1/1/97,9/30/15,DUKE,0,NA,NA,NA
2193,1,1/1/97,12/31/20,ACE_CON,0,NA,NA,NA,1,1/1/80,12/31/20,usgs_1186000,1,1/1/97,12/31/20,ACE_CON,0,NA,NA,NA
6864,0,NA,NA,NA,0,NA,NA,NA,1,8/26/19,3/2/21,MIN,1,8/26/19,3/2/21,MIN,0,NA,NA,NA
6865,0,NA,NA,NA,0,NA,NA,NA,1,1/1/04,3/3/21,MIN,1,1/1/04,3/3/21,MIN,0,NA,NA,NA
7214,1,6/9/09,12/31/18,BOR,1,4/16/08,12/31/18,BOR,1,4/16/08,12/31/18,BOR,1,12/29/99,12/31/18,BOR,1,6/9/09,12/31/18,BOR
7306,1,10/1/35,12/6/19,TVA,0,NA,NA,NA,1,6/30/37,12/6/19,TVA,1,10/2/35,12/6/19,TVA,0,NA,NA,NA
7308,1,8/2/84,6/3/20,ACE_SAV,1,12/1/84,6/3/20,ACE_SAV,1,12/1/84,6/3/20,ACE_SAV,1,8/2/84,6/3/20,ACE_SAV,0,NA,NA,NA
7311,1,10/1/79,9/30/15,DUKE,1,10/1/79,9/30/15,DUKE,1,10/1/79,9/30/15,DUKE,1,10/1/79,9/30/15,DUKE,1,10/1/79,9/30/15,DUKE
7313,1,3/27/53,12/31/18,BOR,1,3/28/53,12/31/18,BOR,1,3/28/53,12/31/18,BOR,1,3/27/53,12/31/18,BOR,0,NA,NA,NA
7317,1,1/1/69,12/6/19,TVA,0,NA,NA,NA,1,1/1/69,12/6/19,TVA,1,1/2/69,12/6/19,TVA,0,NA,NA,NA
7318,1,4/1/68,11/17/19,ACE_NAS,1,4/2/68,11/17/19,ACE_NAS,1,4/1/68,11/17/19,ACE_NAS,1,4/1/68,11/17/19,ACE_NAS,0,NA,NA,NA
1879,1,5/4/84,3/14/21,SAN,1, 1929-10-01  ,3/14/21,SAN,1,10/1/78,3/14/21,SAN,1,5/4/84,3/14/21,SAN,0,NA,NA,NA