free_right,free_left,ego_speed,during_change,distance_front,distance_back,speed_front,speed_back,occup_front,occup_back,ego_lanes,action,free_right',free_left',ego_speed',during_change',distance_front',distance_back',speed_front',speed_back',occup_front',occup_back',ego_lanes',r_deltaspeed,r_freeright,r_lanechange,r_safetyviolation,r_distancefront,r_jerk,done
1.0,0.0,0.11857429651385236,0.0,[1. 1. 1.],[1. 1. 1.],[1. 1. 1.],[0. 0. 0.],[0. 0. 0.],[0. 0. 0.],[0. 0. 1.],2,0.0,0.0,0.12511024422627065,1.0,[1. 1. 1.],[1. 1. 1.],[1. 1. 1.],[0. 0. 0.],[0. 0. 0.],[0. 0. 0.],[0. 0. 1.],-0.8748897557737293,0,-1,0,0.0,-0.5000000000000004,False
0.0,0.0,0.12511024422627065,1.0,[1. 1. 1.],[1. 1. 1.],[1. 1. 1.],[0. 0. 0.],[0. 0. 0.],[0. 0. 0.],[0. 0. 1.],0,0.0,0.0,0.13164619193868896,1.0,[1. 1. 1.],[1. 1. 1.],[1. 1. 1.],[0. 0. 0.],[0. 0. 0.],[0. 0. 0.],[0. 0. 1.],-0.868353808061311,0,0,0,0.0,-0.0,False
0.0,0.0,0.13164619193868896,1.0,[1. 1. 1.],[1. 1. 1.],[1. 1. 1.],[0. 0. 0.],[0. 0. 0.],[0. 0. 0.],[0. 0. 1.],0,0.0,0.0,0.13818213965110726,1.0,[1. 1. 1.],[1. 1. 1.],[1. 1. 1.],[0. 0. 0.],[0. 0. 0.],[0. 0. 0.],[0. 0. 1.],-0.8618178603488926,0,0,0,0.0,-0.0,False
0.0,0.0,0.13818213965110726,1.0,[1. 1. 1.],[1. 1. 1.],[1. 1. 1.],[0. 0. 0.],[0. 0. 0.],[0. 0. 0.],[0. 0. 1.],0,0.0,0.0,0.14471808736352557,1.0,[1. 1. 1.],[1. 1. 1.],[1. 1. 1.],[0. 0. 0.],[0. 0. 0.],[0. 0. 0.],[0. 0. 1.],-0.8552819126364744,0,0,0,0.0,-0.0,False
0.0,0.0,0.14471808736352557,1.0,[1. 1. 1.],[1. 1. 1.],[1. 1. 1.],[0. 0. 0.],[0. 0. 0.],[0. 0. 0.],[0. 0. 1.],0,0.0,0.0,0.15125403507594387,1.0,[1. 1. 1.],[1. 1. 1.],[1. 1. 1.],[0. 0. 0.],[0. 0. 0.],[0. 0. 0.],[0. 0. 1.],-0.8487459649240561,0,0,0,0.0,-0.0,False
0.0,0.0,0.15125403507594387,1.0,[1. 1. 1.],[1. 1. 1.],[1. 1. 1.],[0. 0. 0.],[0. 0. 0.],[0. 0. 0.],[0. 0. 1.],0,0.0,0.0,0.15778998278836218,1.0,[1. 1. 1.],[1. 1. 1.],[1. 1. 1.],[0. 0. 0.],[0. 0. 0.],[0. 0. 0.],[0. 0. 1.],-0.8422100172116378,0,0,0,0.0,-0.0,False
0.0,0.0,0.15778998278836218,1.0,[1. 1. 1.],[1. 1. 1.],[1. 1. 1.],[0. 0. 0.],[0. 0. 0.],[0. 0. 0.],[0. 0. 1.],0,0.0,0.0,0.1643259305007805,1.0,[1. 1. 1.],[1. 1. 1.],[1. 1. 1.],[0. 0. 0.],[0. 0. 0.],[0. 0. 0.],[0.        0.0125448 0.9874552],-0.8356740694992195,0,0,0,0.0,-0.0,False
0.0,0.0,0.1643259305007805,1.0,[1. 1. 1.],[1. 1. 1.],[1. 1. 1.],[0. 0. 0.],[0. 0. 0.],[0. 0. 0.],[0.        0.0125448 0.9874552],0,0.0,0.0,0.17086187821319881,1.0,[1. 1. 1.],[1. 1. 1.],[1. 1. 1.],[0. 0. 0.],[0. 0. 0.],[0. 0. 0.],[0.         0.06989247 0.93010753],-0.8291381217868011,0,0,0,0.0,-0.0,False
0.0,0.0,0.17086187821319881,1.0,[1. 1. 1.],[1. 1. 1.],[1. 1. 1.],[0. 0. 0.],[0. 0. 0.],[0. 0. 0.],[0.         0.06989247 0.93010753],0,0.0,0.0,0.17739782592561712,1.0,[1. 1. 1.],[1. 1. 1.],[1. 1. 1.],[0. 0. 0.],[0. 0. 0.],[0. 0. 0.],[0.         0.12724014 0.87275986],-0.8226021740743829,0,0,0,0.0,-0.0,False
0.0,0.0,0.17739782592561712,1.0,[1. 1. 1.],[1. 1. 1.],[1. 1. 1.],[0. 0. 0.],[0. 0. 0.],[0. 0. 0.],[0.         0.12724014 0.87275986],0,0.0,0.0,0.18393377363803542,1.0,[1. 1. 1.],[1. 1. 1.],[1. 1. 1.],[0. 0. 0.],[0. 0. 0.],[0. 0. 0.],[0.         0.18458781 0.81541219],-0.8160662263619646,0,0,0,0.0,-0.0,False
0.0,0.0,0.18393377363803542,1.0,[1. 1. 1.],[1. 1. 1.],[1. 1. 1.],[0. 0. 0.],[0. 0. 0.],[0. 0. 0.],[0.         0.18458781 0.81541219],0,0.0,0.0,0.19046972135045373,1.0,[1. 1. 1.],[1. 1. 1.],[1. 1. 1.],[0. 0. 0.],[0. 0. 0.],[0. 0. 0.],[0.         0.24193548 0.75806452],-0.8095302786495462,0,0,0,0.0,-0.0,False
0.0,0.0,0.19046972135045373,1.0,[1. 1. 1.],[1. 1. 1.],[1. 1. 1.],[0. 0. 0.],[0. 0. 0.],[0. 0. 0.],[0.         0.24193548 0.75806452],0,0.0,0.0,0.19700566906287204,1.0,[1. 1. 1.],[1. 1. 1.],[1. 1. 1.],[0. 0. 0.],[0. 0. 0.],[0. 0. 0.],[0.         0.29928315 0.70071685],-0.8029943309371279,0,0,0,0.0,-0.0,False
0.0,0.0,0.19700566906287204,1.0,[1. 1. 1.],[1. 1. 1.],[1. 1. 1.],[0. 0. 0.],[0. 0. 0.],[0. 0. 0.],[0.         0.29928315 0.70071685],0,0.0,0.0,0.20354161677529034,1.0,[1. 1. 1.],[1. 1. 1.],[1. 1. 1.],[0. 0. 0.],[0. 0. 0.],[0. 0. 0.],[0.         0.35663082 0.64336918],-0.7964583832247096,0,0,0,0.0,-0.0,False
0.0,0.0,0.20354161677529034,1.0,[1. 1. 1.],[1. 1. 1.],[1. 1. 1.],[0. 0. 0.],[0. 0. 0.],[0. 0. 0.],[0.         0.35663082 0.64336918],0,0.0,0.0,0.21007756448770865,1.0,[1. 1. 1.],[1. 1. 1.],[1. 1. 1.],[0. 0. 0.],[0. 0. 0.],[0. 0. 0.],[0.         0.41397849 0.58602151],-0.7899224355122914,0,0,0,0.0,-0.0,False
0.0,0.0,0.21007756448770865,1.0,[1. 1. 1.],[1. 1. 1.],[1. 1. 1.],[0. 0. 0.],[0. 0. 0.],[0. 0. 0.],[0.         0.41397849 0.58602151],0,0.0,0.0,0.21661351220012695,1.0,[1. 1. 1.],[1. 1. 1.],[1. 1. 1.],[0. 0. 0.],[0. 0. 0.],[0. 0. 0.],[0.         0.47132616 0.52867384],-0.7833864877998731,0,0,0,0.0,-0.0,False
0.0,0.0,0.21661351220012695,1.0,[1. 1. 1.],[1. 1. 1.],[1. 1. 1.],[0. 0. 0.],[0. 0. 0.],[0. 0. 0.],[0.         0.47132616 0.52867384],0,0.0,0.0,0.22314945991254526,1.0,[1. 1. 1.],[1. 1. 1.],[1. 1. 1.],[0. 0. 0.],[0. 0. 0.],[0. 0. 0.],[0.         0.52867384 0.47132616],-0.7768505400874547,0,0,0,0.0,-0.0,False
0.0,0.0,0.22314945991254526,1.0,[1. 1. 1.],[1. 1. 1.],[1. 1. 1.],[0. 0. 0.],[0. 0. 0.],[0. 0. 0.],[0.         0.52867384 0.47132616],0,0.0,0.0,0.22968540762496356,1.0,[1. 1. 1.],[1. 1. 1.],[1. 1. 1.],[0. 0. 0.],[0. 0. 0.],[0. 0. 0.],[0.         0.58602151 0.41397849],-0.7703145923750364,0,0,0,0.0,-0.0,False
0.0,0.0,0.22968540762496356,1.0,[1. 1. 1.],[1. 1. 1.],[1. 1. 1.],[0. 0. 0.],[0. 0. 0.],[0. 0. 0.],[0.         0.58602151 0.41397849],0,0.0,0.0,0.23622135533738187,1.0,[1. 1. 1.],[1. 1. 1.],[1. 1. 1.],[0. 0. 0.],[0. 0. 0.],[0. 0. 0.],[0.         0.64336918 0.35663082],-0.7637786446626181,0,0,0,0.0,-0.0,False
0.0,0.0,0.23622135533738187,1.0,[1. 1. 1.],[1. 1. 1.],[1. 1. 1.],[0. 0. 0.],[0. 0. 0.],[0. 0. 0.],[0.         0.64336918 0.35663082],0,0.0,0.0,0.24275730304980017,1.0,[1. 1. 1.],[1. 1. 1.],[1. 1. 1.],[0. 0. 0.],[0. 0. 0.],[0. 0. 0.],[0.         0.70071685 0.29928315],-0.7572426969501997,0,0,0,0.0,-0.0,False
0.0,0.0,0.24275730304980017,1.0,[1. 1. 1.],[1. 1. 1.],[1. 1. 1.],[0. 0. 0.],[0. 0. 0.],[0. 0. 0.],[0.         0.70071685 0.29928315],0,0.0,0.0,0.24929325076221848,1.0,[1. 1. 1.],[1. 1. 1.],[1. 1. 1.],[0. 0. 0.],[0. 0. 0.],[0. 0. 0.],[0.         0.75806452 0.24193548],-0.7507067492377815,0,0,0,0.0,-0.0,False
0.0,0.0,0.24929325076221848,1.0,[1. 1. 1.],[1. 1. 1.],[1. 1. 1.],[0. 0. 0.],[0. 0. 0.],[0. 0. 0.],[0.         0.75806452 0.24193548],0,0.0,0.0,0.25582919847463675,1.0,[1. 1. 1.],[1. 1. 1.],[1. 1. 1.],[0. 0. 0.],[0. 0. 0.],[0. 0. 0.],[0.         0.81541219 0.18458781],-0.7441708015253632,0,0,0,0.0,-0.0,False
0.0,0.0,0.25582919847463675,1.0,[1. 1. 1.],[1. 1. 1.],[1. 1. 1.],[0. 0. 0.],[0. 0. 0.],[0. 0. 0.],[0.         0.81541219 0.18458781],0,0.0,0.0,0.26236514618705503,1.0,[1. 1. 1.],[1. 1. 1.],[1. 1. 1.],[0. 0. 0.],[0. 0. 0.],[0. 0. 0.],[0.         0.87275986 0.12724014],-0.7376348538129449,0,0,0,0.0,-2.220446049250313e-15,False
0.0,0.0,0.26236514618705503,1.0,[1. 1. 1.],[1. 1. 1.],[1. 1. 1.],[0. 0. 0.],[0. 0. 0.],[0. 0. 0.],[0.         0.87275986 0.12724014],0,0.0,0.0,0.2689010938994733,1.0,[1. 1. 1.],[1. 1. 1.],[1. 1. 1.],[0. 0. 0.],[0. 0. 0.],[0. 0. 0.],[0.         0.93010753 0.06989247],-0.7310989061005266,0,0,0,0.0,-0.0,False
0.0,0.0,0.2689010938994733,1.0,[1. 1. 1.],[1. 1. 1.],[1. 1. 1.],[0. 0. 0.],[0. 0. 0.],[0. 0. 0.],[0.         0.93010753 0.06989247],0,0.0,0.0,0.2754370416118916,1.0,[1. 1. 1.],[1. 1. 1.],[1. 1. 1.],[0. 0. 0.],[0. 0. 0.],[0. 0. 0.],[0.        0.9874552 0.0125448],-0.7245629583881084,0,0,0,0.0,-0.0,False
0.0,0.0,0.2754370416118916,1.0,[1. 1. 1.],[1. 1. 1.],[1. 1. 1.],[0. 0. 0.],[0. 0. 0.],[0. 0. 0.],[0.        0.9874552 0.0125448],0,0.0,0.0,0.28197298932430986,1.0,[1. 1. 1.],[1. 1. 1.],[1. 1. 1.],[0. 0. 0.],[0. 0. 0.],[0. 0. 0.],[0. 1. 0.],-0.7180270106756901,0,0,0,0.0,-0.0,False
0.0,0.0,0.28197298932430986,1.0,[1. 1. 1.],[1. 1. 1.],[1. 1. 1.],[0. 0. 0.],[0. 0. 0.],[0. 0. 0.],[0. 1. 0.],0,0.0,0.0,0.28850893703672814,1.0,[1. 1. 1.],[1. 1. 1.],[1. 1. 1.],[0. 0. 0.],[0. 0. 0.],[0. 0. 0.],[0. 1. 0.],-0.7114910629632718,0,0,0,0.0,-0.0,False
0.0,0.0,0.28850893703672814,1.0,[1. 1. 1.],[1. 1. 1.],[1. 1. 1.],[0. 0. 0.],[0. 0. 0.],[0. 0. 0.],[0. 1. 0.],0,0.0,0.0,0.2950448847491464,1.0,[1. 1. 1.],[1. 1. 1.],[1. 1. 1.],[0. 0. 0.],[0. 0. 0.],[0. 0. 0.],[0. 1. 0.],-0.7049551152508535,0,0,0,0.0,-0.0,False
0.0,0.0,0.2950448847491464,1.0,[1. 1. 1.],[1. 1. 1.],[1. 1. 1.],[0. 0. 0.],[0. 0. 0.],[0. 0. 0.],[0. 1. 0.],0,0.0,0.0,0.3015808324615647,1.0,[1. 1. 1.],[1. 1. 1.],[1. 1. 1.],[0. 0. 0.],[0. 0. 0.],[0. 0. 0.],[0. 1. 0.],-0.6984191675384352,0,0,0,0.0,-0.0,False
0.0,0.0,0.3015808324615647,1.0,[1. 1. 1.],[1. 1. 1.],[1. 1. 1.],[0. 0. 0.],[0. 0. 0.],[0. 0. 0.],[0. 1. 0.],0,0.0,0.0,0.308116780173983,1.0,[1. 1. 1.],[1. 1. 1.],[1. 1. 1.],[0. 0. 0.],[0. 0. 0.],[0. 0. 0.],[0. 1. 0.],-0.691883219826017,0,0,0,0.0,-0.0,False
0.0,0.0,0.308116780173983,1.0,[1. 1. 1.],[1. 1. 1.],[1. 1. 1.],[0. 0. 0.],[0. 0. 0.],[0. 0. 0.],[0. 1. 0.],0,0.0,0.0,0.31465272788640125,1.0,[1. 1. 1.],[1. 1. 1.],[1. 1. 1.],[0. 0. 0.],[0. 0. 0.],[0. 0. 0.],[0. 1. 0.],-0.6853472721135987,0,0,0,0.0,-0.0,False
0.0,0.0,0.31465272788640125,1.0,[1. 1. 1.],[1. 1. 1.],[1. 1. 1.],[0. 0. 0.],[0. 0. 0.],[0. 0. 0.],[0. 1. 0.],0,0.0,0.0,0.32118867559881953,0.0,[1. 1. 1.],[1. 1. 1.],[1. 1. 1.],[0. 0. 0.],[0. 0. 0.],[0. 0. 0.],[0. 1. 0.],-0.6788113244011804,0,0,0,0.0,-0.0,False
0.0,0.0,0.32118867559881953,0.0,[1. 1. 1.],[1. 1. 1.],[1. 1. 1.],[0. 0. 0.],[0. 0. 0.],[0. 0. 0.],[0. 1. 0.],0,1.0,1.0,0.3277246233112378,0.0,[1. 1. 1.],[1. 1. 1.],[1. 1. 1.],[0. 0. 0.],[0. 0. 0.],[0. 0. 0.],[0. 1. 0.],-0.6722753766887621,-1,0,0,0.0,-0.0,False
1.0,1.0,0.3277246233112378,0.0,[1. 1. 1.],[1. 1. 1.],[1. 1. 1.],[0. 0. 0.],[0. 0. 0.],[0. 0. 0.],[0. 1. 0.],0,1.0,1.0,0.3342605710236561,0.0,[1. 1. 1.],[1. 1. 1.],[1. 1. 1.],[0. 0. 0.],[0. 0. 0.],[0. 0. 0.],[0. 1. 0.],-0.6657394289763439,-1,0,0,0.0,-0.0,False
1.0,1.0,0.3342605710236561,0.0,[1. 1. 1.],[1. 1. 1.],[1. 1. 1.],[0. 0. 0.],[0. 0. 0.],[0. 0. 0.],[0. 1. 0.],0,1.0,1.0,0.34079651873607436,0.0,[1. 1. 1.],[1. 1. 1.],[1. 1. 1.],[0. 0. 0.],[0. 0. 0.],[0. 0. 0.],[0. 1. 0.],-0.6592034812639256,-1,0,0,0.0,-0.0,False
1.0,1.0,0.34079651873607436,0.0,[1. 1. 1.],[1. 1. 1.],[1. 1. 1.],[0. 0. 0.],[0. 0. 0.],[0. 0. 0.],[0. 1. 0.],0,1.0,1.0,0.34733246644849264,0.0,[1. 1. 1.],[1. 1. 1.],[1. 1. 1.],[0. 0. 0.],[0. 0. 0.],[0. 0. 0.],[0. 1. 0.],-0.6526675335515073,-1,0,0,0.0,-0.0,False
1.0,1.0,0.34733246644849264,0.0,[1. 1. 1.],[1. 1. 1.],[1. 1. 1.],[0. 0. 0.],[0. 0. 0.],[0. 0. 0.],[0. 1. 0.],0,1.0,1.0,0.3538684141609109,0.0,[1. 1. 1.],[1. 1. 1.],[1. 1. 1.],[0. 0. 0.],[0. 0. 0.],[0. 0. 0.],[0. 1. 0.],-0.646131585839089,-1,0,0,0.0,-0.0,False
1.0,1.0,0.3538684141609109,0.0,[1. 1. 1.],[1. 1. 1.],[1. 1. 1.],[0. 0. 0.],[0. 0. 0.],[0. 0. 0.],[0. 1. 0.],0,1.0,1.0,0.3604043618733292,0.0,[1. 1. 1.],[1. 1. 1.],[1. 1. 1.],[0. 0. 0.],[0. 0. 0.],[0. 0. 0.],[0. 1. 0.],-0.6395956381266708,-1,0,0,0.0,-0.0,False
1.0,1.0,0.3604043618733292,0.0,[1. 1. 1.],[1. 1. 1.],[1. 1. 1.],[0. 0. 0.],[0. 0. 0.],[0. 0. 0.],[0. 1. 0.],0,1.0,1.0,0.36694030958574747,0.0,[1. 1. 1.],[1. 1. 1.],[1. 1. 1.],[0. 0. 0.],[0. 0. 0.],[0. 0. 0.],[0. 1. 0.],-0.6330596904142525,-1,0,0,0.0,-0.0,False
1.0,1.0,0.36694030958574747,0.0,[1. 1. 1.],[1. 1. 1.],[1. 1. 1.],[0. 0. 0.],[0. 0. 0.],[0. 0. 0.],[0. 1. 0.],2,0.0,0.0,0.37347625729816575,1.0,[1. 1. 1.],[1. 1. 1.],[1. 1. 1.],[0. 0. 0.],[0. 0. 0.],[0. 0. 0.],[0. 1. 0.],-0.6265237427018342,0,-1,0,0.0,-0.0,False
0.0,0.0,0.37347625729816575,1.0,[1. 1. 1.],[1. 1. 1.],[1. 1. 1.],[0. 0. 0.],[0. 0. 0.],[0. 0. 0.],[0. 1. 0.],2,0.0,0.0,0.380012205010584,1.0,[1. 1. 1.],[1. 1. 1.],[1. 1. 1.],[0. 0. 0.],[0. 0. 0.],[0. 0. 0.],[0. 1. 0.],-0.6199877949894159,0,0,-1,0.0,-0.0,False
0.0,0.0,0.380012205010584,1.0,[1. 1. 1.],[1. 1. 1.],[1. 1. 1.],[0. 0. 0.],[0. 0. 0.],[0. 0. 0.],[0. 1. 0.],0,0.0,0.0,0.3865481527230023,1.0,[1. 1. 1.],[1. 1. 1.],[1. 1. 1.],[0. 0. 0.],[0. 0. 0.],[0. 0. 0.],[0. 1. 0.],-0.6134518472769976,0,0,0,0.0,-0.0,False
0.0,0.0,0.3865481527230023,1.0,[1. 1. 1.],[1. 1. 1.],[1. 1. 1.],[0. 0. 0.],[0. 0. 0.],[0. 0. 0.],[0. 1. 0.],0,0.0,0.0,0.3930841004354206,1.0,[1. 1. 1.],[1. 1. 1.],[1. 1. 1.],[0. 0. 0.],[0. 0. 0.],[0. 0. 0.],[0. 1. 0.],-0.6069158995645794,0,0,0,0.0,-0.0,False
0.0,0.0,0.3930841004354206,1.0,[1. 1. 1.],[1. 1. 1.],[1. 1. 1.],[0. 0. 0.],[0. 0. 0.],[0. 0. 0.],[0. 1. 0.],0,0.0,0.0,0.39962004814783886,1.0,[1. 1. 1.],[1. 1. 1.],[1. 1. 1.],[0. 0. 0.],[0. 0. 0.],[0. 0. 0.],[0. 1. 0.],-0.6003799518521611,0,0,0,0.0,-0.0,False
0.0,0.0,0.39962004814783886,1.0,[1. 1. 1.],[1. 1. 1.],[1. 1. 1.],[0. 0. 0.],[0. 0. 0.],[0. 0. 0.],[0. 1. 0.],0,0.0,0.0,0.40615599586025714,1.0,[1. 1. 1.],[1. 1. 1.],[1. 1. 1.],[0. 0. 0.],[0. 0. 0.],[0. 0. 0.],[0. 1. 0.],-0.5938440041397428,0,0,0,0.0,-0.0,False
0.0,0.0,0.40615599586025714,1.0,[1. 1. 1.],[1. 1. 1.],[1. 1. 1.],[0. 0. 0.],[0. 0. 0.],[0. 0. 0.],[0. 1. 0.],0,0.0,0.0,0.4126919435726754,1.0,[1. 1. 1.],[1. 1. 1.],[1. 1. 1.],[0. 0. 0.],[0. 0. 0.],[0. 0. 0.],[0.0125448 0.9874552 0.       ],-0.5873080564273245,0,0,0,0.0,-0.0,False
0.0,0.0,0.4126919435726754,1.0,[1. 1. 1.],[1. 1. 1.],[1. 1. 1.],[0. 0. 0.],[0. 0. 0.],[0. 0. 0.],[0.0125448 0.9874552 0.       ],0,0.0,0.0,0.4192278912850937,1.0,[1. 1. 1.],[1. 1. 1.],[1. 1. 1.],[0. 0. 0.],[0. 0. 0.],[0. 0. 0.],[0.06989247 0.93010753 0.        ],-0.5807721087149063,0,0,0,0.0,-0.0,False
0.0,0.0,0.4192278912850937,1.0,[1. 1. 1.],[1. 1. 1.],[1. 1. 1.],[0. 0. 0.],[0. 0. 0.],[0. 0. 0.],[0.06989247 0.93010753 0.        ],0,0.0,0.0,0.42576383899751197,1.0,[1. 1. 1.],[1. 1. 1.],[1. 1. 1.],[0. 0. 0.],[0. 0. 0.],[0. 0. 0.],[0.12724014 0.87275986 0.        ],-0.574236161002488,0,0,0,0.0,-0.0,False
0.0,0.0,0.42576383899751197,1.0,[1. 1. 1.],[1. 1. 1.],[1. 1. 1.],[0. 0. 0.],[0. 0. 0.],[0. 0. 0.],[0.12724014 0.87275986 0.        ],0,0.0,0.0,0.43229978670993024,1.0,[1. 1. 1.],[1. 1. 1.],[1. 1. 1.],[0. 0. 0.],[0. 0. 0.],[0. 0. 0.],[0.18458781 0.81541219 0.        ],-0.5677002132900697,0,0,0,0.0,-0.0,False
0.0,0.0,0.43229978670993024,1.0,[1. 1. 1.],[1. 1. 1.],[1. 1. 1.],[0. 0. 0.],[0. 0. 0.],[0. 0. 0.],[0.18458781 0.81541219 0.        ],0,0.0,0.0,0.4388357344223485,1.0,[1. 1. 1.],[1. 1. 1.],[1. 1. 1.],[0. 0. 0.],[0. 0. 0.],[0. 0. 0.],[0.24193548 0.75806452 0.        ],-0.5611642655776514,0,0,0,0.0,-0.0,False
0.0,0.0,0.4388357344223485,1.0,[1. 1. 1.],[1. 1. 1.],[1. 1. 1.],[0. 0. 0.],[0. 0. 0.],[0. 0. 0.],[0.24193548 0.75806452 0.        ],0,0.0,0.0,0.4453716821347668,1.0,[1. 1. 1.],[1. 1. 1.],[1. 1. 1.],[0. 0. 0.],[0. 0. 0.],[0. 0. 0.],[0.29928315 0.70071685 0.        ],-0.5546283178652331,0,0,0,0.0,-0.0,False
0.0,0.0,0.4453716821347668,1.0,[1. 1. 1.],[1. 1. 1.],[1. 1. 1.],[0. 0. 0.],[0. 0. 0.],[0. 0. 0.],[0.29928315 0.70071685 0.        ],0,0.0,0.0,0.4519076298471851,1.0,[1. 1. 1.],[1. 1. 1.],[1. 1. 1.],[0. 0. 0.],[0. 0. 0.],[0. 0. 0.],[0.35663082 0.64336918 0.        ],-0.5480923701528149,0,0,0,0.0,-0.0,False
0.0,0.0,0.4519076298471851,1.0,[1. 1. 1.],[1. 1. 1.],[1. 1. 1.],[0. 0. 0.],[0. 0. 0.],[0. 0. 0.],[0.35663082 0.64336918 0.        ],0,0.0,0.0,0.45844357755960335,1.0,[1. 1. 1.],[1. 1. 1.],[1. 1. 1.],[0. 0. 0.],[0. 0. 0.],[0. 0. 0.],[0.41397849 0.58602151 0.        ],-0.5415564224403966,0,0,0,0.0,-0.0,False
0.0,0.0,0.45844357755960335,1.0,[1. 1. 1.],[1. 1. 1.],[1. 1. 1.],[0. 0. 0.],[0. 0. 0.],[0. 0. 0.],[0.41397849 0.58602151 0.        ],0,0.0,0.0,0.46497952527202163,1.0,[1. 1. 1.],[1. 1. 1.],[1. 1. 1.],[0. 0. 0.],[0. 0. 0.],[0. 0. 0.],[0.47132616 0.52867384 0.        ],-0.5350204747279783,0,0,0,0.0,-0.0,False
0.0,0.0,0.46497952527202163,1.0,[1. 1. 1.],[1. 1. 1.],[1. 1. 1.],[0. 0. 0.],[0. 0. 0.],[0. 0. 0.],[0.47132616 0.52867384 0.        ],0,0.0,0.0,0.4715154729844399,1.0,[1. 1. 1.],[1. 1. 1.],[1. 1. 1.],[0. 0. 0.],[0. 0. 0.],[0. 0. 0.],[0.52867384 0.47132616 0.        ],-0.52848452701556,0,0,0,0.0,-0.0,False
0.0,0.0,0.4715154729844399,1.0,[1. 1. 1.],[1. 1. 1.],[1. 1. 1.],[0. 0. 0.],[0. 0. 0.],[0. 0. 0.],[0.52867384 0.47132616 0.        ],0,0.0,0.0,0.4780514206968582,1.0,[1. 1. 1.],[1. 1. 1.],[1. 1. 1.],[0. 0. 0.],[0. 0. 0.],[0. 0. 0.],[0.58602151 0.41397849 0.        ],-0.5219485793031418,0,0,0,0.0,-0.0,False
0.0,0.0,0.4780514206968582,1.0,[1. 1. 1.],[1. 1. 1.],[1. 1. 1.],[0. 0. 0.],[0. 0. 0.],[0. 0. 0.],[0.58602151 0.41397849 0.        ],0,0.0,0.0,0.48458736840927646,1.0,[1. 1. 1.],[1. 1. 1.],[1. 1. 1.],[0. 0. 0.],[0. 0. 0.],[0. 0. 0.],[0.64336918 0.35663082 0.        ],-0.5154126315907235,0,0,0,0.0,-0.0,False
0.0,0.0,0.48458736840927646,1.0,[1. 1. 1.],[1. 1. 1.],[1. 1. 1.],[0. 0. 0.],[0. 0. 0.],[0. 0. 0.],[0.64336918 0.35663082 0.        ],0,0.0,0.0,0.49112331612169474,1.0,[1. 1. 1.],[1. 1. 1.],[1. 1. 1.],[0. 0. 0.],[0. 0. 0.],[0. 0. 0.],[0.70071685 0.29928315 0.        ],-0.5088766838783052,0,0,0,0.0,-0.0,False
0.0,0.0,0.49112331612169474,1.0,[1. 1. 1.],[1. 1. 1.],[1. 1. 1.],[0. 0. 0.],[0. 0. 0.],[0. 0. 0.],[0.70071685 0.29928315 0.        ],0,0.0,0.0,0.497659263834113,1.0,[1. 1. 1.],[1. 1. 1.],[1. 1. 1.],[0. 0. 0.],[0. 0. 0.],[0. 0. 0.],[0.75806452 0.24193548 0.        ],-0.5023407361658869,0,0,0,0.0,-0.0,False
0.0,0.0,0.497659263834113,1.0,[1. 1. 1.],[1. 1. 1.],[1. 1. 1.],[0. 0. 0.],[0. 0. 0.],[0. 0. 0.],[0.75806452 0.24193548 0.        ],0,0.0,0.0,0.5041952115465314,1.0,[1. 1. 1.],[1. 1. 1.],[1. 1. 1.],[0. 0. 0.],[0. 0. 0.],[0. 0. 0.],[0.81541219 0.18458781 0.        ],-0.4958047884534687,0,0,0,0.0,-0.0,False
0.0,0.0,0.5041952115465314,1.0,[1. 1. 1.],[1. 1. 1.],[1. 1. 1.],[0. 0. 0.],[0. 0. 0.],[0. 0. 0.],[0.81541219 0.18458781 0.        ],0,0.0,0.0,0.5107311592589496,1.0,[1. 1. 1.],[1. 1. 1.],[1. 1. 1.],[0. 0. 0.],[0. 0. 0.],[0. 0. 0.],[0.87275986 0.12724014 0.        ],-0.4892688407410504,0,0,0,0.0,-0.0,False
0.0,0.0,0.5107311592589496,1.0,[1. 1. 1.],[1. 1. 1.],[1. 1. 1.],[0. 0. 0.],[0. 0. 0.],[0. 0. 0.],[0.87275986 0.12724014 0.        ],0,0.0,0.0,0.5172671069713679,1.0,[1. 1. 1.],[1. 1. 1.],[1. 1. 1.],[0. 0. 0.],[0. 0. 0.],[0. 0. 0.],[0.93010753 0.06989247 0.        ],-0.48273289302863215,0,0,0,0.0,-0.0,False
0.0,0.0,0.5172671069713679,1.0,[1. 1. 1.],[1. 1. 1.],[1. 1. 1.],[0. 0. 0.],[0. 0. 0.],[0. 0. 0.],[0.93010753 0.06989247 0.        ],0,0.0,0.0,0.5238030546837862,1.0,[1. 1. 1.],[1. 1. 1.],[1. 1. 1.],[0. 0. 0.],[0. 0. 0.],[0. 0. 0.],[0.9874552 0.0125448 0.       ],-0.47619694531621387,0,0,0,0.0,-0.0,False
0.0,0.0,0.5238030546837862,1.0,[1. 1. 1.],[1. 1. 1.],[1. 1. 1.],[0. 0. 0.],[0. 0. 0.],[0. 0. 0.],[0.9874552 0.0125448 0.       ],0,0.0,0.0,0.5303390023962045,1.0,[1. 1. 1.],[1. 1. 1.],[1. 1. 1.],[0. 0. 0.],[0. 0. 0.],[0. 0. 0.],[1. 0. 0.],-0.4696609976037956,0,0,0,0.0,-0.0,False
0.0,0.0,0.5303390023962045,1.0,[1. 1. 1.],[1. 1. 1.],[1. 1. 1.],[0. 0. 0.],[0. 0. 0.],[0. 0. 0.],[1. 0. 0.],0,0.0,0.0,0.5368749501086227,1.0,[1. 1. 1.],[1. 1. 1.],[1. 1. 1.],[0. 0. 0.],[0. 0. 0.],[0. 0. 0.],[1. 0. 0.],-0.4631250498913773,0,0,0,0.0,-0.0,False
0.0,0.0,0.5368749501086227,1.0,[1. 1. 1.],[1. 1. 1.],[1. 1. 1.],[0. 0. 0.],[0. 0. 0.],[0. 0. 0.],[1. 0. 0.],0,0.0,0.0,0.543410897821041,1.0,[1. 1. 1.],[1. 1. 1.],[1. 1. 1.],[0. 0. 0.],[0. 0. 0.],[0. 0. 0.],[1. 0. 0.],-0.45658910217895904,0,0,0,0.0,-0.0,False
0.0,0.0,0.543410897821041,1.0,[1. 1. 1.],[1. 1. 1.],[1. 1. 1.],[0. 0. 0.],[0. 0. 0.],[0. 0. 0.],[1. 0. 0.],0,0.0,0.0,0.5499468455334593,1.0,[1. 1. 1.],[1. 1. 1.],[1. 1. 1.],[0. 0. 0.],[0. 0. 0.],[0. 0. 0.],[1. 0. 0.],-0.45005315446654076,0,0,0,0.0,-0.0,False
0.0,0.0,0.5499468455334593,1.0,[1. 1. 1.],[1. 1. 1.],[1. 1. 1.],[0. 0. 0.],[0. 0. 0.],[0. 0. 0.],[1. 0. 0.],0,0.0,0.0,0.5564827932458776,1.0,[1. 1. 1.],[1. 1. 1.],[1. 1. 1.],[0. 0. 0.],[0. 0. 0.],[0. 0. 0.],[1. 0. 0.],-0.4435172067541225,0,0,0,0.0,-0.0,False
0.0,0.0,0.5564827932458776,1.0,[1. 1. 1.],[1. 1. 1.],[1. 1. 1.],[0. 0. 0.],[0. 0. 0.],[0. 0. 0.],[1. 0. 0.],0,0.0,0.0,0.5630187409582958,1.0,[1. 1. 1.],[1. 1. 1.],[1. 1. 1.],[0. 0. 0.],[0. 0. 0.],[0. 0. 0.],[1. 0. 0.],-0.4369812590417042,0,0,0,0.0,-0.0,False
0.0,0.0,0.5630187409582958,1.0,[1. 1. 1.],[1. 1. 1.],[1. 1. 1.],[0. 0. 0.],[0. 0. 0.],[0. 0. 0.],[1. 0. 0.],0,0.0,0.0,0.5695546886707141,0.0,[1. 1. 1.],[1. 1. 1.],[1. 1. 1.],[0. 0. 0.],[0. 0. 0.],[0. 0. 0.],[1. 0. 0.],-0.43044531132928593,0,0,0,0.0,-0.0,False
0.0,0.0,0.5695546886707141,0.0,[1. 1. 1.],[1. 1. 1.],[1. 1. 1.],[0. 0. 0.],[0. 0. 0.],[0. 0. 0.],[1. 0. 0.],0,0.0,1.0,0.5760906363831324,0.0,[1. 1. 1.],[1. 1. 1.],[1. 1. 1.],[0. 0. 0.],[0. 0. 0.],[0. 0. 0.],[1. 0. 0.],-0.42390936361686765,0,0,0,0.0,-0.0,False
0.0,1.0,0.5760906363831324,0.0,[1. 1. 1.],[1. 1. 1.],[1. 1. 1.],[0. 0. 0.],[0. 0. 0.],[0. 0. 0.],[1. 0. 0.],0,0.0,1.0,0.5826265840955507,0.0,[1. 1. 1.],[1. 1. 1.],[1. 1. 1.],[0. 0. 0.],[0. 0. 0.],[0. 0. 0.],[1. 0. 0.],-0.4173734159044494,0,0,0,0.0,-0.0,False
0.0,1.0,0.5826265840955507,0.0,[1. 1. 1.],[1. 1. 1.],[1. 1. 1.],[0. 0. 0.],[0. 0. 0.],[0. 0. 0.],[1. 0. 0.],0,0.0,1.0,0.589162531807969,0.0,[1. 1. 1.],[1. 1. 1.],[1. 1. 1.],[0. 0. 0.],[0. 0. 0.],[0. 0. 0.],[1. 0. 0.],-0.4108374681920311,0,0,0,0.0,-0.0,False
0.0,1.0,0.589162531807969,0.0,[1. 1. 1.],[1. 1. 1.],[1. 1. 1.],[0. 0. 0.],[0. 0. 0.],[0. 0. 0.],[1. 0. 0.],0,0.0,1.0,0.5956984795203872,0.0,[1. 1. 1.],[1. 1. 1.],[1. 1. 1.],[0. 0. 0.],[0. 0. 0.],[0. 0. 0.],[1. 0. 0.],-0.4043015204796128,0,0,0,0.0,-0.0,False
0.0,1.0,0.5956984795203872,0.0,[1. 1. 1.],[1. 1. 1.],[1. 1. 1.],[0. 0. 0.],[0. 0. 0.],[0. 0. 0.],[1. 0. 0.],0,0.0,1.0,0.6022344272328055,0.0,[1. 1. 1.],[1. 1. 1.],[1. 1. 1.],[0. 0. 0.],[0. 0. 0.],[0. 0. 0.],[1. 0. 0.],-0.39776557276719454,0,0,0,0.0,-0.0,False
0.0,1.0,0.6022344272328055,0.0,[1. 1. 1.],[1. 1. 1.],[1. 1. 1.],[0. 0. 0.],[0. 0. 0.],[0. 0. 0.],[1. 0. 0.],0,0.0,1.0,0.6087703749452238,0.0,[1. 1. 1.],[1. 1. 1.],[1. 1. 1.],[0. 0. 0.],[0. 0. 0.],[0. 0. 0.],[1. 0. 0.],-0.39122962505477626,0,0,0,0.0,-0.0,False
0.0,1.0,0.6087703749452238,0.0,[1. 1. 1.],[1. 1. 1.],[1. 1. 1.],[0. 0. 0.],[0. 0. 0.],[0. 0. 0.],[1. 0. 0.],0,0.0,1.0,0.6153063226576421,0.0,[1. 1. 1.],[1. 1. 1.],[1. 1. 1.],[0. 0. 0.],[0. 0. 0.],[0. 0. 0.],[1. 0. 0.],-0.384693677342358,0,0,0,0.0,-0.0,False
0.0,1.0,0.6153063226576421,0.0,[1. 1. 1.],[1. 1. 1.],[1. 1. 1.],[0. 0. 0.],[0. 0. 0.],[0. 0. 0.],[1. 0. 0.],0,0.0,1.0,0.6218422703700603,0.0,[1. 1. 1.],[1. 1. 1.],[1. 1. 1.],[0. 0. 0.],[0. 0. 0.],[0. 0. 0.],[1. 0. 0.],-0.3781577296299397,0,0,0,0.0,-0.0,False
0.0,1.0,0.6218422703700603,0.0,[1. 1. 1.],[1. 1. 1.],[1. 1. 1.],[0. 0. 0.],[0. 0. 0.],[0. 0. 0.],[1. 0. 0.],0,0.0,1.0,0.6283782180824786,0.0,[1. 1. 1.],[1. 1. 1.],[1. 1. 1.],[0. 0. 0.],[0. 0. 0.],[0. 0. 0.],[1. 0. 0.],-0.37162178191752143,0,0,0,0.0,-0.0,False
0.0,1.0,0.6283782180824786,0.0,[1. 1. 1.],[1. 1. 1.],[1. 1. 1.],[0. 0. 0.],[0. 0. 0.],[0. 0. 0.],[1. 0. 0.],0,0.0,1.0,0.6349141657948969,0.0,[1. 1. 1.],[1. 1. 1.],[1. 1. 1.],[0. 0. 0.],[0. 0. 0.],[0. 0. 0.],[1. 0. 0.],-0.36508583420510315,0,0,0,0.0,-0.0,False
0.0,1.0,0.6349141657948969,0.0,[1. 1. 1.],[1. 1. 1.],[1. 1. 1.],[0. 0. 0.],[0. 0. 0.],[0. 0. 0.],[1. 0. 0.],0,0.0,1.0,0.6414501135073152,0.0,[1. 1. 1.],[1. 1. 1.],[1. 1. 1.],[0. 0. 0.],[0. 0. 0.],[0. 0. 0.],[1. 0. 0.],-0.3585498864926849,0,0,0,0.0,-0.0,False
0.0,1.0,0.6414501135073152,0.0,[1. 1. 1.],[1. 1. 1.],[1. 1. 1.],[0. 0. 0.],[0. 0. 0.],[0. 0. 0.],[1. 0. 0.],0,0.0,1.0,0.6479860612197335,0.0,[1. 1. 1.],[1. 1. 1.],[1. 1. 1.],[0. 0. 0.],[0. 0. 0.],[0. 0. 0.],[1. 0. 0.],-0.3520139387802666,0,0,0,0.0,-0.0,False
0.0,1.0,0.6479860612197335,0.0,[1. 1. 1.],[1. 1. 1.],[1. 1. 1.],[0. 0. 0.],[0. 0. 0.],[0. 0. 0.],[1. 0. 0.],0,0.0,1.0,0.6545220089321517,0.0,[1. 1. 1.],[1. 1. 1.],[1. 1. 1.],[0. 0. 0.],[0. 0. 0.],[0. 0. 0.],[1. 0. 0.],-0.3454779910678483,0,0,0,0.0,-0.0,False
0.0,1.0,0.6545220089321517,0.0,[1. 1. 1.],[1. 1. 1.],[1. 1. 1.],[0. 0. 0.],[0. 0. 0.],[0. 0. 0.],[1. 0. 0.],0,0.0,1.0,0.66105795664457,0.0,[1. 1. 1.],[1. 1. 1.],[1. 1. 1.],[0. 0. 0.],[0. 0. 0.],[0. 0. 0.],[1. 0. 0.],-0.33894204335543004,0,0,0,0.0,-0.0,False
0.0,1.0,0.66105795664457,0.0,[1. 1. 1.],[1. 1. 1.],[1. 1. 1.],[0. 0. 0.],[0. 0. 0.],[0. 0. 0.],[1. 0. 0.],0,0.0,1.0,0.6675939043569883,0.0,[1. 1. 1.],[1. 1. 1.],[1. 1. 1.],[0. 0. 0.],[0. 0. 0.],[0. 0. 0.],[1. 0. 0.],-0.33240609564301177,0,0,0,0.0,-0.0,False
0.0,1.0,0.6675939043569883,0.0,[1. 1. 1.],[1. 1. 1.],[1. 1. 1.],[0. 0. 0.],[0. 0. 0.],[0. 0. 0.],[1. 0. 0.],0,0.0,1.0,0.6741298520694066,0.0,[1. 1. 1.],[1. 1. 1.],[1. 1. 1.],[0. 0. 0.],[0. 0. 0.],[0. 0. 0.],[1. 0. 0.],-0.3258701479305935,0,0,0,0.0,-0.0,False
0.0,1.0,0.6741298520694066,0.0,[1. 1. 1.],[1. 1. 1.],[1. 1. 1.],[0. 0. 0.],[0. 0. 0.],[0. 0. 0.],[1. 0. 0.],0,0.0,1.0,0.6806657997818248,0.0,[1. 1. 1.],[1. 1. 1.],[1. 1. 1.],[0. 0. 0.],[0. 0. 0.],[0. 0. 0.],[1. 0. 0.],-0.3193342002181752,0,0,0,0.0,-0.0,False
0.0,1.0,0.6806657997818248,0.0,[1. 1. 1.],[1. 1. 1.],[1. 1. 1.],[0. 0. 0.],[0. 0. 0.],[0. 0. 0.],[1. 0. 0.],0,0.0,1.0,0.6872017474942431,0.0,[1. 1. 1.],[1. 1. 1.],[1. 1. 1.],[0. 0. 0.],[0. 0. 0.],[0. 0. 0.],[1. 0. 0.],-0.31279825250575694,0,0,0,0.0,-0.0,False
0.0,1.0,0.6872017474942431,0.0,[1. 1. 1.],[1. 1. 1.],[1. 1. 1.],[0. 0. 0.],[0. 0. 0.],[0. 0. 0.],[1. 0. 0.],0,0.0,1.0,0.6937376952066614,0.0,[1. 1. 1.],[1. 1. 1.],[1. 1. 1.],[0. 0. 0.],[0. 0. 0.],[0. 0. 0.],[1. 0. 0.],-0.30626230479333866,0,0,0,0.0,-0.0,False
0.0,1.0,0.6937376952066614,0.0,[1. 1. 1.],[1. 1. 1.],[1. 1. 1.],[0. 0. 0.],[0. 0. 0.],[0. 0. 0.],[1. 0. 0.],0,0.0,1.0,0.7002736429190797,0.0,[1. 1. 1.],[1. 1. 1.],[1. 1. 1.],[0. 0. 0.],[0. 0. 0.],[0. 0. 0.],[1. 0. 0.],-0.2997263570809204,0,0,0,0.0,-0.0,False
0.0,1.0,0.7002736429190797,0.0,[1. 1. 1.],[1. 1. 1.],[1. 1. 1.],[0. 0. 0.],[0. 0. 0.],[0. 0. 0.],[1. 0. 0.],0,0.0,1.0,0.706809590631498,0.0,[1. 1. 1.],[1. 1. 1.],[1. 1. 1.],[0. 0. 0.],[0. 0. 0.],[0. 0. 0.],[1. 0. 0.],-0.2931904093685021,0,0,0,0.0,-0.0,False
0.0,1.0,0.706809590631498,0.0,[1. 1. 1.],[1. 1. 1.],[1. 1. 1.],[0. 0. 0.],[0. 0. 0.],[0. 0. 0.],[1. 0. 0.],0,0.0,1.0,0.7133455383439162,0.0,[1. 1. 1.],[1. 1. 1.],[1. 1. 1.],[0. 0. 0.],[0. 0. 0.],[0. 0. 0.],[1. 0. 0.],-0.2866544616560838,0,0,0,0.0,-0.0,False
0.0,1.0,0.7133455383439162,0.0,[1. 1. 1.],[1. 1. 1.],[1. 1. 1.],[0. 0. 0.],[0. 0. 0.],[0. 0. 0.],[1. 0. 0.],0,0.0,1.0,0.7198814860563345,0.0,[1. 1. 1.],[1. 1. 1.],[1. 1. 1.],[0. 0. 0.],[0. 0. 0.],[0. 0. 0.],[1. 0. 0.],-0.28011851394366555,0,0,0,0.0,-0.0,False
0.0,1.0,0.7198814860563345,0.0,[1. 1. 1.],[1. 1. 1.],[1. 1. 1.],[0. 0. 0.],[0. 0. 0.],[0. 0. 0.],[1. 0. 0.],0,0.0,1.0,0.7264174337687528,0.0,[1. 1. 1.],[1. 1. 1.],[1. 1. 1.],[0. 0. 0.],[0. 0. 0.],[0. 0. 0.],[1. 0. 0.],-0.27358256623124727,0,0,0,0.0,-0.0,False
0.0,1.0,0.7264174337687528,0.0,[1. 1. 1.],[1. 1. 1.],[1. 1. 1.],[0. 0. 0.],[0. 0. 0.],[0. 0. 0.],[1. 0. 0.],0,0.0,1.0,0.7329533814811711,0.0,[1. 1. 1.],[1. 1. 1.],[1. 1. 1.],[0. 0. 0.],[0. 0. 0.],[0. 0. 0.],[1. 0. 0.],-0.267046618518829,0,0,0,0.0,-0.0,False
0.0,1.0,0.7329533814811711,0.0,[1. 1. 1.],[1. 1. 1.],[1. 1. 1.],[0. 0. 0.],[0. 0. 0.],[0. 0. 0.],[1. 0. 0.],0,0.0,1.0,0.7394893291935893,0.0,[1. 1. 1.],[1. 1. 1.],[1. 1. 1.],[0. 0. 0.],[0. 0. 0.],[0. 0. 0.],[1. 0. 0.],-0.2605106708064107,0,0,0,0.0,-0.0,False
0.0,1.0,0.7394893291935893,0.0,[1. 1. 1.],[1. 1. 1.],[1. 1. 1.],[0. 0. 0.],[0. 0. 0.],[0. 0. 0.],[1. 0. 0.],0,0.0,1.0,0.7460252769060076,0.0,[1. 1. 1.],[1. 1. 1.],[1. 1. 1.],[0. 0. 0.],[0. 0. 0.],[0. 0. 0.],[1. 0. 0.],-0.25397472309399244,0,0,0,0.0,-0.0,False
0.0,1.0,0.7460252769060076,0.0,[1. 1. 1.],[1. 1. 1.],[1. 1. 1.],[0. 0. 0.],[0. 0. 0.],[0. 0. 0.],[1. 0. 0.],0,0.0,1.0,0.7525612246184259,0.0,[1. 1. 1.],[1. 1. 1.],[1. 1. 1.],[0. 0. 0.],[0. 0. 0.],[0. 0. 0.],[1. 0. 0.],-0.24743877538157416,0,0,0,0.0,-0.0,False
0.0,1.0,0.7525612246184259,0.0,[1. 1. 1.],[1. 1. 1.],[1. 1. 1.],[0. 0. 0.],[0. 0. 0.],[0. 0. 0.],[1. 0. 0.],0,0.0,1.0,0.7590971723308442,0.0,[1. 1. 1.],[1. 1. 1.],[1. 1. 1.],[0. 0. 0.],[0. 0. 0.],[0. 0. 0.],[1. 0. 0.],-0.24090282766915588,0,0,0,0.0,-0.0,False
0.0,1.0,0.7590971723308442,0.0,[1. 1. 1.],[1. 1. 1.],[1. 1. 1.],[0. 0. 0.],[0. 0. 0.],[0. 0. 0.],[1. 0. 0.],0,0.0,1.0,0.7656331200432624,0.0,[1. 1. 1.],[1. 1. 1.],[1. 1. 1.],[0. 0. 0.],[0. 0. 0.],[0. 0. 0.],[1. 0. 0.],-0.2343668799567376,0,0,0,0.0,-0.0,False
0.0,1.0,0.7656331200432624,0.0,[1. 1. 1.],[1. 1. 1.],[1. 1. 1.],[0. 0. 0.],[0. 0. 0.],[0. 0. 0.],[1. 0. 0.],0,0.0,1.0,0.7721690677556807,0.0,[1. 1. 1.],[1. 1. 1.],[1. 1. 1.],[0. 0. 0.],[0. 0. 0.],[0. 0. 0.],[1. 0. 0.],-0.22783093224431933,0,0,0,0.0,-0.0,False
0.0,1.0,0.7721690677556807,0.0,[1. 1. 1.],[1. 1. 1.],[1. 1. 1.],[0. 0. 0.],[0. 0. 0.],[0. 0. 0.],[1. 0. 0.],0,0.0,1.0,0.778705015468099,0.0,[1. 1. 1.],[1. 1. 1.],[1. 1. 1.],[0. 0. 0.],[0. 0. 0.],[0. 0. 0.],[1. 0. 0.],-0.22129498453190105,0,0,0,0.0,-0.0,False
0.0,1.0,0.778705015468099,0.0,[1. 1. 1.],[1. 1. 1.],[1. 1. 1.],[0. 0. 0.],[0. 0. 0.],[0. 0. 0.],[1. 0. 0.],0,0.0,1.0,0.7852409631805173,0.0,[1. 1. 1.],[1. 1. 1.],[1. 1. 1.],[0. 0. 0.],[0. 0. 0.],[0. 0. 0.],[1. 0. 0.],-0.21475903681948277,0,0,0,0.0,-0.0,False
0.0,1.0,0.7852409631805173,0.0,[1. 1. 1.],[1. 1. 1.],[1. 1. 1.],[0. 0. 0.],[0. 0. 0.],[0. 0. 0.],[1. 0. 0.],0,0.0,1.0,0.7917769108929356,0.0,[1. 1. 1.],[1. 1. 1.],[1. 1. 1.],[0. 0. 0.],[0. 0. 0.],[0. 0. 0.],[1. 0. 0.],-0.2082230891070645,0,0,0,0.0,-0.0,False
0.0,1.0,0.7917769108929356,0.0,[1. 1. 1.],[1. 1. 1.],[1. 1. 1.],[0. 0. 0.],[0. 0. 0.],[0. 0. 0.],[1. 0. 0.],0,0.0,1.0,0.7983128586053538,0.0,[1. 1. 1.],[1. 1. 1.],[1. 1. 1.],[0. 0. 0.],[0. 0. 0.],[0. 0. 0.],[1. 0. 0.],-0.20168714139464622,0,0,0,0.0,-0.0,False
0.0,1.0,0.7983128586053538,0.0,[1. 1. 1.],[1. 1. 1.],[1. 1. 1.],[0. 0. 0.],[0. 0. 0.],[0. 0. 0.],[1. 0. 0.],0,0.0,1.0,0.8048488063177721,0.0,[1. 1. 1.],[1. 1. 1.],[1. 1. 1.],[0. 0. 0.],[0. 0. 0.],[0. 0. 0.],[1. 0. 0.],-0.19515119368222794,0,0,0,0.0,-0.0,False
0.0,1.0,0.8048488063177721,0.0,[1. 1. 1.],[1. 1. 1.],[1. 1. 1.],[0. 0. 0.],[0. 0. 0.],[0. 0. 0.],[1. 0. 0.],0,0.0,1.0,0.8113847540301904,0.0,[1. 1. 1.],[1. 1. 1.],[1. 1. 1.],[0. 0. 0.],[0. 0. 0.],[0. 0. 0.],[1. 0. 0.],-0.18861524596980966,0,0,0,0.0,-0.0,False
0.0,1.0,0.8113847540301904,0.0,[1. 1. 1.],[1. 1. 1.],[1. 1. 1.],[0. 0. 0.],[0. 0. 0.],[0. 0. 0.],[1. 0. 0.],0,0.0,1.0,0.8179207017426087,0.0,[1. 1. 1.],[1. 1. 1.],[1. 1. 1.],[0. 0. 0.],[0. 0. 0.],[0. 0. 0.],[1. 0. 0.],-0.1820792982573914,0,0,0,0.0,-0.0,False
0.0,1.0,0.8179207017426087,0.0,[1. 1. 1.],[1. 1. 1.],[1. 1. 1.],[0. 0. 0.],[0. 0. 0.],[0. 0. 0.],[1. 0. 0.],0,0.0,1.0,0.824456649455027,0.0,[1. 1. 1.],[1. 1. 1.],[1. 1. 1.],[0. 0. 0.],[0. 0. 0.],[0. 0. 0.],[1. 0. 0.],-0.1755433505449731,0,0,0,0.0,-0.0,False
0.0,1.0,0.824456649455027,0.0,[1. 1. 1.],[1. 1. 1.],[1. 1. 1.],[0. 0. 0.],[0. 0. 0.],[0. 0. 0.],[1. 0. 0.],0,0.0,1.0,0.8309925971674452,0.0,[1. 1. 1.],[1. 1. 1.],[1. 1. 1.],[0. 0. 0.],[0. 0. 0.],[0. 0. 0.],[1. 0. 0.],-0.16900740283255483,0,0,0,0.0,-0.0,False
0.0,1.0,0.8309925971674452,0.0,[1. 1. 1.],[1. 1. 1.],[1. 1. 1.],[0. 0. 0.],[0. 0. 0.],[0. 0. 0.],[1. 0. 0.],0,0.0,1.0,0.8375285448798635,0.0,[1. 1. 1.],[1. 1. 1.],[1. 1. 1.],[0. 0. 0.],[0. 0. 0.],[0. 0. 0.],[1. 0. 0.],-0.16247145512013655,0,0,0,0.0,-0.0,False
0.0,1.0,0.8375285448798635,0.0,[1. 1. 1.],[1. 1. 1.],[1. 1. 1.],[0. 0. 0.],[0. 0. 0.],[0. 0. 0.],[1. 0. 0.],0,0.0,1.0,0.8440644925922818,0.0,[1. 1. 1.],[1. 1. 1.],[1. 1. 1.],[0. 0. 0.],[0. 0. 0.],[0. 0. 0.],[1. 0. 0.],-0.15593550740771828,0,0,0,0.0,-0.0,False
0.0,1.0,0.8440644925922818,0.0,[1. 1. 1.],[1. 1. 1.],[1. 1. 1.],[0. 0. 0.],[0. 0. 0.],[0. 0. 0.],[1. 0. 0.],0,0.0,1.0,0.8506004403047001,0.0,[1. 1. 1.],[1. 1. 1.],[1. 1. 1.],[0. 0. 0.],[0. 0. 0.],[0. 0. 0.],[1. 0. 0.],-0.1493995596953,0,0,0,0.0,-0.0,False
0.0,1.0,0.8506004403047001,0.0,[1. 1. 1.],[1. 1. 1.],[1. 1. 1.],[0. 0. 0.],[0. 0. 0.],[0. 0. 0.],[1. 0. 0.],0,0.0,1.0,0.8571363880171182,0.0,[1. 1. 1.],[1. 1. 1.],[1. 1. 1.],[0. 0. 0.],[0. 0. 0.],[0. 0. 0.],[1. 0. 0.],-0.14286361198288172,0,0,0,0.0,-0.0,False
0.0,1.0,0.8571363880171182,0.0,[1. 1. 1.],[1. 1. 1.],[1. 1. 1.],[0. 0. 0.],[0. 0. 0.],[0. 0. 0.],[1. 0. 0.],0,0.0,1.0,0.8636723357295365,0.0,[1. 1. 1.],[1. 1. 1.],[1. 1. 1.],[0. 0. 0.],[0. 0. 0.],[0. 0. 0.],[1. 0. 0.],-0.13632766427046344,0,0,0,0.0,-0.0,False
0.0,1.0,0.8636723357295365,0.0,[1. 1. 1.],[1. 1. 1.],[1. 1. 1.],[0. 0. 0.],[0. 0. 0.],[0. 0. 0.],[1. 0. 0.],0,0.0,1.0,0.8702082834419548,0.0,[1. 1. 1.],[1. 1. 1.],[1. 1. 1.],[0. 0. 0.],[0. 0. 0.],[0. 0. 0.],[1. 0. 0.],-0.12979171655804517,0,0,0,0.0,-0.0,False
0.0,1.0,0.8702082834419548,0.0,[1. 1. 1.],[1. 1. 1.],[1. 1. 1.],[0. 0. 0.],[0. 0. 0.],[0. 0. 0.],[1. 0. 0.],0,0.0,1.0,0.876744231154373,0.0,[1. 1. 1.],[1. 1. 1.],[1. 1. 1.],[0. 0. 0.],[0. 0. 0.],[0. 0. 0.],[1. 0. 0.],-0.12325576884562689,0,0,0,0.0,-0.0,False
0.0,1.0,0.876744231154373,0.0,[1. 1. 1.],[1. 1. 1.],[1. 1. 1.],[0. 0. 0.],[0. 0. 0.],[0. 0. 0.],[1. 0. 0.],0,0.0,1.0,0.8832801788667913,0.0,[1. 1. 1.],[1. 1. 1.],[1. 1. 1.],[0. 0. 0.],[0. 0. 0.],[0. 0. 0.],[1. 0. 0.],-0.11671982113320861,0,0,0,0.0,-0.0,False
0.0,1.0,0.8832801788667913,0.0,[1. 1. 1.],[1. 1. 1.],[1. 1. 1.],[0. 0. 0.],[0. 0. 0.],[0. 0. 0.],[1. 0. 0.],0,0.0,1.0,0.8898161265792096,0.0,[1. 1. 1.],[1. 1. 1.],[1. 1. 1.],[0. 0. 0.],[0. 0. 0.],[0. 0. 0.],[1. 0. 0.],-0.11018387342079033,0,0,0,0.0,-0.0,False
0.0,1.0,0.8898161265792096,0.0,[1. 1. 1.],[1. 1. 1.],[1. 1. 1.],[0. 0. 0.],[0. 0. 0.],[0. 0. 0.],[1. 0. 0.],0,0.0,1.0,0.8963520742916279,0.0,[1. 1. 1.],[1. 1. 1.],[1. 1. 1.],[0. 0. 0.],[0. 0. 0.],[0. 0. 0.],[1. 0. 0.],-0.10364792570837206,0,0,0,0.0,-0.0,False
0.0,1.0,0.8963520742916279,0.0,[1. 1. 1.],[1. 1. 1.],[1. 1. 1.],[0. 0. 0.],[0. 0. 0.],[0. 0. 0.],[1. 0. 0.],0,0.0,1.0,0.9028880220040462,0.0,[1. 1. 1.],[1. 1. 1.],[1. 1. 1.],[0. 0. 0.],[0. 0. 0.],[0. 0. 0.],[1. 0. 0.],-0.09711197799595378,0,0,0,0.0,-0.0,False
0.0,1.0,0.9028880220040462,0.0,[1. 1. 1.],[1. 1. 1.],[1. 1. 1.],[0. 0. 0.],[0. 0. 0.],[0. 0. 0.],[1. 0. 0.],0,0.0,1.0,0.9094239697164644,0.0,[1. 1. 1.],[1. 1. 1.],[1. 1. 1.],[0. 0. 0.],[0. 0. 0.],[0. 0. 0.],[1. 0. 0.],-0.0905760302835355,0,0,0,0.0,-0.0,False
0.0,1.0,0.9094239697164644,0.0,[1. 1. 1.],[1. 1. 1.],[1. 1. 1.],[0. 0. 0.],[0. 0. 0.],[0. 0. 0.],[1. 0. 0.],0,0.0,1.0,0.9159599174288827,0.0,[1. 1. 1.],[1. 1. 1.],[1. 1. 1.],[0. 0. 0.],[0. 0. 0.],[0. 0. 0.],[1. 0. 0.],-0.08404008257111723,0,0,0,0.0,-0.0,False
0.0,1.0,0.9159599174288827,0.0,[1. 1. 1.],[1. 1. 1.],[1. 1. 1.],[0. 0. 0.],[0. 0. 0.],[0. 0. 0.],[1. 0. 0.],0,0.0,1.0,0.922495865141301,0.0,[1. 1. 1.],[1. 1. 1.],[1. 1. 1.],[0. 0. 0.],[0. 0. 0.],[0. 0. 0.],[1. 0. 0.],-0.07750413485869895,0,0,0,0.0,-0.0,False
0.0,1.0,0.922495865141301,0.0,[1. 1. 1.],[1. 1. 1.],[1. 1. 1.],[0. 0. 0.],[0. 0. 0.],[0. 0. 0.],[1. 0. 0.],0,0.0,1.0,0.9290318128537193,0.0,[1. 1. 1.],[1. 1. 1.],[1. 1. 1.],[0. 0. 0.],[0. 0. 0.],[0. 0. 0.],[1. 0. 0.],-0.07096818714628067,0,0,0,0.0,-0.0,False
0.0,1.0,0.9290318128537193,0.0,[1. 1. 1.],[1. 1. 1.],[1. 1. 1.],[0. 0. 0.],[0. 0. 0.],[0. 0. 0.],[1. 0. 0.],0,0.0,1.0,0.9355677605661376,0.0,[1. 1. 1.],[1. 1. 1.],[1. 1. 1.],[0. 0. 0.],[0. 0. 0.],[0. 0. 0.],[1. 0. 0.],-0.06443223943386239,0,0,0,0.0,-0.0,False
0.0,1.0,0.9355677605661376,0.0,[1. 1. 1.],[1. 1. 1.],[1. 1. 1.],[0. 0. 0.],[0. 0. 0.],[0. 0. 0.],[1. 0. 0.],0,0.0,1.0,0.9421037082785558,0.0,[1. 1. 1.],[1. 1. 1.],[1. 1. 1.],[0. 0. 0.],[0. 0. 0.],[0. 0. 0.],[1. 0. 0.],-0.05789629172144412,0,0,0,0.0,-0.0,False
0.0,1.0,0.9421037082785558,0.0,[1. 1. 1.],[1. 1. 1.],[1. 1. 1.],[0. 0. 0.],[0. 0. 0.],[0. 0. 0.],[1. 0. 0.],0,0.0,1.0,0.9486396559909741,0.0,[1. 1. 1.],[1. 1. 1.],[1. 1. 1.],[0. 0. 0.],[0. 0. 0.],[0. 0. 0.],[1. 0. 0.],-0.051360344009025845,0,0,0,0.0,-0.0,False
0.0,1.0,0.9486396559909741,0.0,[1. 1. 1.],[1. 1. 1.],[1. 1. 1.],[0. 0. 0.],[0. 0. 0.],[0. 0. 0.],[1. 0. 0.],0,0.0,1.0,0.9551756037033924,0.0,[1. 1. 1.],[1. 1. 1.],[1. 1. 1.],[0. 0. 0.],[0. 0. 0.],[0. 0. 0.],[1. 0. 0.],-0.04482439629660757,0,0,0,0.0,-0.0,False
0.0,1.0,0.9551756037033924,0.0,[1. 1. 1.],[1. 1. 1.],[1. 1. 1.],[0. 0. 0.],[0. 0. 0.],[0. 0. 0.],[1. 0. 0.],0,0.0,1.0,0.9617115514158107,0.0,[1. 1. 1.],[1. 1. 1.],[1. 1. 1.],[0. 0. 0.],[0. 0. 0.],[0. 0. 0.],[1. 0. 0.],-0.03828844858418929,0,0,0,0.0,-0.0,False
0.0,1.0,0.9617115514158107,0.0,[1. 1. 1.],[1. 1. 1.],[1. 1. 1.],[0. 0. 0.],[0. 0. 0.],[0. 0. 0.],[1. 0. 0.],0,0.0,1.0,0.9682474991282289,0.0,[1. 1. 1.],[1. 1. 1.],[1. 1. 1.],[0. 0. 0.],[0. 0. 0.],[0. 0. 0.],[1. 0. 0.],-0.03175250087177101,0,0,0,0.0,-0.0,False
0.0,1.0,0.9682474991282289,0.0,[1. 1. 1.],[1. 1. 1.],[1. 1. 1.],[0. 0. 0.],[0. 0. 0.],[0. 0. 0.],[1. 0. 0.],0,0.0,1.0,0.9747834468406472,0.0,[1. 1. 1.],[1. 1. 1.],[1. 1. 1.],[0. 0. 0.],[0. 0. 0.],[0. 0. 0.],[1. 0. 0.],-0.025216553159352735,0,0,0,0.0,-0.0,False
0.0,1.0,0.9747834468406472,0.0,[1. 1. 1.],[1. 1. 1.],[1. 1. 1.],[0. 0. 0.],[0. 0. 0.],[0. 0. 0.],[1. 0. 0.],0,0.0,1.0,0.9813193945530655,0.0,[1. 1. 1.],[1. 1. 1.],[1. 1. 1.],[0. 0. 0.],[0. 0. 0.],[0. 0. 0.],[1. 0. 0.],-0.018680605446934458,0,0,0,0.0,-0.0,False
0.0,1.0,0.9813193945530655,0.0,[1. 1. 1.],[1. 1. 1.],[1. 1. 1.],[0. 0. 0.],[0. 0. 0.],[0. 0. 0.],[1. 0. 0.],0,0.0,1.0,0.9878553422654838,0.0,[1. 1. 1.],[1. 1. 1.],[1. 1. 1.],[0. 0. 0.],[0. 0. 0.],[0. 0. 0.],[1. 0. 0.],-0.01214465773451618,0,0,0,0.0,-0.0,False
0.0,1.0,0.9878553422654838,0.0,[1. 1. 1.],[1. 1. 1.],[1. 1. 1.],[0. 0. 0.],[0. 0. 0.],[0. 0. 0.],[1. 0. 0.],0,0.0,1.0,0.994391289977902,0.0,[1. 1. 1.],[1. 1. 1.],[1. 1. 1.],[0. 0. 0.],[0. 0. 0.],[0. 0. 0.],[1. 0. 0.],-0.005608710022097903,0,0,0,0.0,-0.0,False
0.0,1.0,0.994391289977902,0.0,[1. 1. 1.],[1. 1. 1.],[1. 1. 1.],[0. 0. 0.],[0. 0. 0.],[0. 0. 0.],[1. 0. 0.],0,0.0,1.0,1.0,0.0,[1. 1. 1.],[1. 1. 1.],[1. 1. 1.],[0. 0. 0.],[0. 0. 0.],[0. 0. 0.],[1. 0. 0.],-0.0,0,0,0,0.0,-0.07093368330950867,False
0.0,1.0,1.0,0.0,[1. 1. 1.],[1. 1. 1.],[1. 1. 1.],[0. 0. 0.],[0. 0. 0.],[0. 0. 0.],[1. 0. 0.],0,0.0,1.0,1.0,0.0,[1. 1. 1.],[1. 1. 1.],[1. 1. 1.],[0. 0. 0.],[0. 0. 0.],[0. 0. 0.],[1. 0. 0.],-0.0,0,0,0,0.0,-0.42906631669048956,False
0.0,1.0,1.0,0.0,[1. 1. 1.],[1. 1. 1.],[1. 1. 1.],[0. 0. 0.],[0. 0. 0.],[0. 0. 0.],[1. 0. 0.],0,0.0,1.0,1.0,0.0,[1. 1. 1.],[1. 1. 1.],[1. 1. 1.],[0. 0. 0.],[0. 0. 0.],[0. 0. 0.],[1. 0. 0.],-0.0,0,0,0,0.0,-0.0,False
0.0,1.0,1.0,0.0,[1. 1. 1.],[1. 1. 1.],[1. 1. 1.],[0. 0. 0.],[0. 0. 0.],[0. 0. 0.],[1. 0. 0.],0,0.0,1.0,1.0,0.0,[1. 1. 1.],[1. 1. 1.],[1. 1. 1.],[0. 0. 0.],[0. 0. 0.],[0. 0. 0.],[1. 0. 0.],-0.0,0,0,0,0.0,-0.0,False
0.0,1.0,1.0,0.0,[1. 1. 1.],[1. 1. 1.],[1. 1. 1.],[0. 0. 0.],[0. 0. 0.],[0. 0. 0.],[1. 0. 0.],0,0.0,1.0,1.0,0.0,[1. 1. 1.],[1. 1. 1.],[1. 1. 1.],[0. 0. 0.],[0. 0. 0.],[0. 0. 0.],[1. 0. 0.],-0.0,0,0,0,0.0,-0.0,False
0.0,1.0,1.0,0.0,[1. 1. 1.],[1. 1. 1.],[1. 1. 1.],[0. 0. 0.],[0. 0. 0.],[0. 0. 0.],[1. 0. 0.],0,0.0,1.0,1.0,0.0,[1. 1. 1.],[1. 1. 1.],[1. 1. 1.],[0. 0. 0.],[0. 0. 0.],[0. 0. 0.],[1. 0. 0.],-0.0,0,0,0,0.0,-0.0,False
0.0,1.0,1.0,0.0,[1. 1. 1.],[1. 1. 1.],[1. 1. 1.],[0. 0. 0.],[0. 0. 0.],[0. 0. 0.],[1. 0. 0.],0,0.0,1.0,1.0,0.0,[1. 1. 1.],[1. 1. 1.],[1. 1. 1.],[0. 0. 0.],[0. 0. 0.],[0. 0. 0.],[1. 0. 0.],-0.0,0,0,0,0.0,-0.0,False
0.0,1.0,1.0,0.0,[1. 1. 1.],[1. 1. 1.],[1. 1. 1.],[0. 0. 0.],[0. 0. 0.],[0. 0. 0.],[1. 0. 0.],0,0.0,1.0,1.0,0.0,[1. 1. 1.],[1. 1. 1.],[1. 1. 1.],[0. 0. 0.],[0. 0. 0.],[0. 0. 0.],[1. 0. 0.],-0.0,0,0,0,0.0,-0.0,False
0.0,1.0,1.0,0.0,[1. 1. 1.],[1. 1. 1.],[1. 1. 1.],[0. 0. 0.],[0. 0. 0.],[0. 0. 0.],[1. 0. 0.],0,0.0,1.0,1.0,0.0,[1. 1. 1.],[1. 1. 1.],[1. 1. 1.],[0. 0. 0.],[0. 0. 0.],[0. 0. 0.],[1. 0. 0.],-0.0,0,0,0,0.0,-0.0,False
0.0,1.0,1.0,0.0,[1. 1. 1.],[1. 1. 1.],[1. 1. 1.],[0. 0. 0.],[0. 0. 0.],[0. 0. 0.],[1. 0. 0.],0,0.0,1.0,1.0,0.0,[1. 1. 1.],[1. 1. 1.],[1. 1. 1.],[0. 0. 0.],[0. 0. 0.],[0. 0. 0.],[1. 0. 0.],-0.0,0,0,0,0.0,-0.0,False
0.0,1.0,1.0,0.0,[1. 1. 1.],[1. 1. 1.],[1. 1. 1.],[0. 0. 0.],[0. 0. 0.],[0. 0. 0.],[1. 0. 0.],0,0.0,1.0,1.0,0.0,[1. 1. 1.],[1. 1. 1.],[1. 1. 1.],[0. 0. 0.],[0. 0. 0.],[0. 0. 0.],[1. 0. 0.],-0.0,0,0,0,0.0,-0.0,False
0.0,1.0,1.0,0.0,[1. 1. 1.],[1. 1. 1.],[1. 1. 1.],[0. 0. 0.],[0. 0. 0.],[0. 0. 0.],[1. 0. 0.],0,0.0,1.0,1.0,0.0,[1. 1. 1.],[1. 1. 1.],[1. 1. 1.],[0. 0. 0.],[0. 0. 0.],[0. 0. 0.],[1. 0. 0.],-0.0,0,0,0,0.0,-0.0,False
0.0,1.0,1.0,0.0,[1. 1. 1.],[1. 1. 1.],[1. 1. 1.],[0. 0. 0.],[0. 0. 0.],[0. 0. 0.],[1. 0. 0.],0,0.0,1.0,1.0,0.0,[1. 1. 1.],[1. 1. 1.],[1. 1. 1.],[0. 0. 0.],[0. 0. 0.],[0. 0. 0.],[1. 0. 0.],-0.0,0,0,0,0.0,-0.0,False
0.0,1.0,1.0,0.0,[1. 1. 1.],[1. 1. 1.],[1. 1. 1.],[0. 0. 0.],[0. 0. 0.],[0. 0. 0.],[1. 0. 0.],0,0.0,1.0,1.0,0.0,[1. 1. 1.],[1. 1. 1.],[1. 1. 1.],[0. 0. 0.],[0. 0. 0.],[0. 0. 0.],[1. 0. 0.],-0.0,0,0,0,0.0,-0.0,False
0.0,1.0,1.0,0.0,[1. 1. 1.],[1. 1. 1.],[1. 1. 1.],[0. 0. 0.],[0. 0. 0.],[0. 0. 0.],[1. 0. 0.],0,0.0,1.0,1.0,0.0,[1. 1. 1.],[1. 1. 1.],[1. 1. 1.],[0. 0. 0.],[0. 0. 0.],[0. 0. 0.],[1. 0. 0.],-0.0,0,0,0,0.0,-0.0,False
0.0,1.0,1.0,0.0,[1. 1. 1.],[1. 1. 1.],[1. 1. 1.],[0. 0. 0.],[0. 0. 0.],[0. 0. 0.],[1. 0. 0.],0,0.0,1.0,1.0,0.0,[1. 1. 1.],[1. 1. 1.],[1. 1. 1.],[0. 0. 0.],[0. 0. 0.],[0. 0. 0.],[1. 0. 0.],-0.0,0,0,0,0.0,-0.0,False
0.0,1.0,1.0,0.0,[1. 1. 1.],[1. 1. 1.],[1. 1. 1.],[0. 0. 0.],[0. 0. 0.],[0. 0. 0.],[1. 0. 0.],0,0.0,1.0,1.0,0.0,[1. 1. 1.],[1. 1. 1.],[1. 1. 1.],[0. 0. 0.],[0. 0. 0.],[0. 0. 0.],[1. 0. 0.],-0.0,0,0,0,0.0,-0.0,False
0.0,1.0,1.0,0.0,[1. 1. 1.],[1. 1. 1.],[1. 1. 1.],[0. 0. 0.],[0. 0. 0.],[0. 0. 0.],[1. 0. 0.],0,0.0,1.0,1.0,0.0,[1. 1. 1.],[1. 1. 1.],[1. 1. 1.],[0. 0. 0.],[0. 0. 0.],[0. 0. 0.],[1. 0. 0.],-0.0,0,0,0,0.0,-0.0,False
0.0,1.0,1.0,0.0,[1. 1. 1.],[1. 1. 1.],[1. 1. 1.],[0. 0. 0.],[0. 0. 0.],[0. 0. 0.],[1. 0. 0.],0,0.0,1.0,1.0,0.0,[1. 1. 1.],[1. 1. 1.],[1. 1. 1.],[0. 0. 0.],[0. 0. 0.],[0. 0. 0.],[1. 0. 0.],-0.0,0,0,0,0.0,-0.0,False
0.0,1.0,1.0,0.0,[1. 1. 1.],[1. 1. 1.],[1. 1. 1.],[0. 0. 0.],[0. 0. 0.],[0. 0. 0.],[1. 0. 0.],0,0.0,1.0,1.0,0.0,[1. 1. 1.],[1. 1. 1.],[1. 1. 1.],[0. 0. 0.],[0. 0. 0.],[0. 0. 0.],[1. 0. 0.],-0.0,0,0,0,0.0,-0.0,False
0.0,1.0,1.0,0.0,[1. 1. 1.],[1. 1. 1.],[1. 1. 1.],[0. 0. 0.],[0. 0. 0.],[0. 0. 0.],[1. 0. 0.],0,0.0,1.0,1.0,0.0,[1. 1. 1.],[1. 1. 1.],[1. 1. 1.],[0. 0. 0.],[0. 0. 0.],[0. 0. 0.],[1. 0. 0.],-0.0,0,0,0,0.0,-0.0,False
0.0,1.0,1.0,0.0,[1. 1. 1.],[1. 1. 1.],[1. 1. 1.],[0. 0. 0.],[0. 0. 0.],[0. 0. 0.],[1. 0. 0.],0,0.0,1.0,1.0,0.0,[1. 1. 1.],[1. 1. 1.],[1. 1. 1.],[0. 0. 0.],[0. 0. 0.],[0. 0. 0.],[1. 0. 0.],-0.0,0,0,0,0.0,-0.0,False
0.0,1.0,1.0,0.0,[1. 1. 1.],[1. 1. 1.],[1. 1. 1.],[0. 0. 0.],[0. 0. 0.],[0. 0. 0.],[1. 0. 0.],0,0.0,1.0,1.0,0.0,[1. 1. 1.],[1. 1. 1.],[1. 1. 1.],[0. 0. 0.],[0. 0. 0.],[0. 0. 0.],[1. 0. 0.],-0.0,0,0,0,0.0,-0.0,False
0.0,1.0,1.0,0.0,[1. 1. 1.],[1. 1. 1.],[1. 1. 1.],[0. 0. 0.],[0. 0. 0.],[0. 0. 0.],[1. 0. 0.],0,0.0,1.0,1.0,0.0,[1. 1. 1.],[1. 1. 1.],[1. 1. 1.],[0. 0. 0.],[0. 0. 0.],[0. 0. 0.],[1. 0. 0.],-0.0,0,0,0,0.0,-0.0,False
0.0,1.0,1.0,0.0,[1. 1. 1.],[1. 1. 1.],[1. 1. 1.],[0. 0. 0.],[0. 0. 0.],[0. 0. 0.],[1. 0. 0.],0,0.0,1.0,1.0,0.0,[1. 1. 1.],[1. 1. 1.],[1. 1. 1.],[0. 0. 0.],[0. 0. 0.],[0. 0. 0.],[1. 0. 0.],-0.0,0,0,0,0.0,-0.0,False
0.0,1.0,1.0,0.0,[1. 1. 1.],[1. 1. 1.],[1. 1. 1.],[0. 0. 0.],[0. 0. 0.],[0. 0. 0.],[1. 0. 0.],0,0.0,1.0,1.0,0.0,[1. 1. 1.],[1. 1. 1.],[1. 1. 1.],[0. 0. 0.],[0. 0. 0.],[0. 0. 0.],[1. 0. 0.],-0.0,0,0,0,0.0,-0.0,False
0.0,1.0,1.0,0.0,[1. 1. 1.],[1. 1. 1.],[1. 1. 1.],[0. 0. 0.],[0. 0. 0.],[0. 0. 0.],[1. 0. 0.],0,0.0,1.0,1.0,0.0,[1. 1. 1.],[1. 1. 1.],[1. 1. 1.],[0. 0. 0.],[0. 0. 0.],[0. 0. 0.],[1. 0. 0.],-0.0,0,0,0,0.0,-0.0,False
0.0,1.0,1.0,0.0,[1. 1. 1.],[1. 1. 1.],[1. 1. 1.],[0. 0. 0.],[0. 0. 0.],[0. 0. 0.],[1. 0. 0.],0,0.0,1.0,1.0,0.0,[1. 1. 1.],[1. 1. 1.],[1. 1. 1.],[0. 0. 0.],[0. 0. 0.],[0. 0. 0.],[1. 0. 0.],-0.0,0,0,0,0.0,-0.0,False
0.0,1.0,1.0,0.0,[1. 1. 1.],[1. 1. 1.],[1. 1. 1.],[0. 0. 0.],[0. 0. 0.],[0. 0. 0.],[1. 0. 0.],0,0.0,1.0,1.0,0.0,[1. 1. 1.],[1. 1. 1.],[1. 1. 1.],[0. 0. 0.],[0. 0. 0.],[0. 0. 0.],[1. 0. 0.],-0.0,0,0,0,0.0,-0.0,False
0.0,1.0,1.0,0.0,[1. 1. 1.],[1. 1. 1.],[1. 1. 1.],[0. 0. 0.],[0. 0. 0.],[0. 0. 0.],[1. 0. 0.],0,0.0,1.0,1.0,0.0,[1. 1. 1.],[1. 1. 1.],[1. 1. 1.],[0. 0. 0.],[0. 0. 0.],[0. 0. 0.],[1. 0. 0.],-0.0,0,0,0,0.0,-0.0,False
0.0,1.0,1.0,0.0,[1. 1. 1.],[1. 1. 1.],[1. 1. 1.],[0. 0. 0.],[0. 0. 0.],[0. 0. 0.],[1. 0. 0.],0,0.0,1.0,1.0,0.0,[1. 1. 1.],[1. 1. 1.],[1. 1. 1.],[0. 0. 0.],[0. 0. 0.],[0. 0. 0.],[1. 0. 0.],-0.0,0,0,0,0.0,-0.0,False
0.0,1.0,1.0,0.0,[1. 1. 1.],[1. 1. 1.],[1. 1. 1.],[0. 0. 0.],[0. 0. 0.],[0. 0. 0.],[1. 0. 0.],0,0.0,1.0,1.0,0.0,[1. 1. 1.],[1. 1. 1.],[1. 1. 1.],[0. 0. 0.],[0. 0. 0.],[0. 0. 0.],[1. 0. 0.],-0.0,0,0,0,0.0,-0.0,False
0.0,1.0,1.0,0.0,[1. 1. 1.],[1. 1. 1.],[1. 1. 1.],[0. 0. 0.],[0. 0. 0.],[0. 0. 0.],[1. 0. 0.],0,0.0,1.0,1.0,0.0,[1. 1. 1.],[1. 1. 1.],[1. 1. 1.],[0. 0. 0.],[0. 0. 0.],[0. 0. 0.],[1. 0. 0.],-0.0,0,0,0,0.0,-0.0,False
0.0,1.0,1.0,0.0,[1. 1. 1.],[1. 1. 1.],[1. 1. 1.],[0. 0. 0.],[0. 0. 0.],[0. 0. 0.],[1. 0. 0.],0,0.0,1.0,1.0,0.0,[1. 1. 1.],[1. 1. 1.],[1. 1. 1.],[0. 0. 0.],[0. 0. 0.],[0. 0. 0.],[1. 0. 0.],-0.0,0,0,0,0.0,-0.0,False
0.0,1.0,1.0,0.0,[1. 1. 1.],[1. 1. 1.],[1. 1. 1.],[0. 0. 0.],[0. 0. 0.],[0. 0. 0.],[1. 0. 0.],0,0.0,1.0,1.0,0.0,[1. 1. 1.],[1. 1. 1.],[1. 1. 1.],[0. 0. 0.],[0. 0. 0.],[0. 0. 0.],[1. 0. 0.],-0.0,0,0,0,0.0,-0.0,False
0.0,1.0,1.0,0.0,[1. 1. 1.],[1. 1. 1.],[1. 1. 1.],[0. 0. 0.],[0. 0. 0.],[0. 0. 0.],[1. 0. 0.],0,0.0,1.0,1.0,0.0,[1. 1. 1.],[1. 1. 1.],[1. 1. 1.],[0. 0. 0.],[0. 0. 0.],[0. 0. 0.],[1. 0. 0.],-0.0,0,0,0,0.0,-0.0,False
0.0,1.0,1.0,0.0,[1. 1. 1.],[1. 1. 1.],[1. 1. 1.],[0. 0. 0.],[0. 0. 0.],[0. 0. 0.],[1. 0. 0.],0,0.0,1.0,1.0,0.0,[1. 1. 1.],[1. 1. 1.],[1. 1. 1.],[0. 0. 0.],[0. 0. 0.],[0. 0. 0.],[1. 0. 0.],-0.0,0,0,0,0.0,-0.0,False
0.0,1.0,1.0,0.0,[1. 1. 1.],[1. 1. 1.],[1. 1. 1.],[0. 0. 0.],[0. 0. 0.],[0. 0. 0.],[1. 0. 0.],0,0.0,1.0,1.0,0.0,[1. 1. 1.],[1. 1. 1.],[1. 1. 1.],[0. 0. 0.],[0. 0. 0.],[0. 0. 0.],[1. 0. 0.],-0.0,0,0,0,0.0,-0.0,False
0.0,1.0,1.0,0.0,[1. 1. 1.],[1. 1. 1.],[1. 1. 1.],[0. 0. 0.],[0. 0. 0.],[0. 0. 0.],[1. 0. 0.],0,0.0,1.0,1.0,0.0,[1. 1. 1.],[1. 1. 1.],[1. 1. 1.],[0. 0. 0.],[0. 0. 0.],[0. 0. 0.],[1. 0. 0.],-0.0,0,0,0,0.0,-0.0,False
0.0,1.0,1.0,0.0,[1. 1. 1.],[1. 1. 1.],[1. 1. 1.],[0. 0. 0.],[0. 0. 0.],[0. 0. 0.],[1. 0. 0.],0,0.0,1.0,1.0,0.0,[1. 1. 1.],[1. 1. 1.],[1. 1. 1.],[0. 0. 0.],[0. 0. 0.],[0. 0. 0.],[1. 0. 0.],-0.0,0,0,0,0.0,-0.0,False
0.0,1.0,1.0,0.0,[1. 1. 1.],[1. 1. 1.],[1. 1. 1.],[0. 0. 0.],[0. 0. 0.],[0. 0. 0.],[1. 0. 0.],0,0.0,1.0,1.0,0.0,[1. 1. 1.],[1. 1. 1.],[1. 1. 1.],[0. 0. 0.],[0. 0. 0.],[0. 0. 0.],[1. 0. 0.],-0.0,0,0,0,0.0,-0.0,False
0.0,1.0,1.0,0.0,[1. 1. 1.],[1. 1. 1.],[1. 1. 1.],[0. 0. 0.],[0. 0. 0.],[0. 0. 0.],[1. 0. 0.],0,0.0,1.0,1.0,0.0,[1. 1. 1.],[1. 1. 1.],[1. 1. 1.],[0. 0. 0.],[0. 0. 0.],[0. 0. 0.],[1. 0. 0.],-0.0,0,0,0,0.0,-0.0,False
0.0,1.0,1.0,0.0,[1. 1. 1.],[1. 1. 1.],[1. 1. 1.],[0. 0. 0.],[0. 0. 0.],[0. 0. 0.],[1. 0. 0.],0,0.0,1.0,1.0,0.0,[1. 1. 1.],[1. 1. 1.],[1. 1. 1.],[0. 0. 0.],[0. 0. 0.],[0. 0. 0.],[1. 0. 0.],-0.0,0,0,0,0.0,-0.0,False
0.0,1.0,1.0,0.0,[1. 1. 1.],[1. 1. 1.],[1. 1. 1.],[0. 0. 0.],[0. 0. 0.],[0. 0. 0.],[1. 0. 0.],0,0.0,1.0,1.0,0.0,[1. 1. 1.],[1. 1. 1.],[1. 1. 1.],[0. 0. 0.],[0. 0. 0.],[0. 0. 0.],[1. 0. 0.],-0.0,0,0,0,0.0,-0.0,False
0.0,1.0,1.0,0.0,[1. 1. 1.],[1. 1. 1.],[1. 1. 1.],[0. 0. 0.],[0. 0. 0.],[0. 0. 0.],[1. 0. 0.],0,0.0,1.0,1.0,0.0,[1. 1. 1.],[1. 1. 1.],[1. 1. 1.],[0. 0. 0.],[0. 0. 0.],[0. 0. 0.],[1. 0. 0.],-0.0,0,0,0,0.0,-0.0,False
0.0,1.0,1.0,0.0,[1. 1. 1.],[1. 1. 1.],[1. 1. 1.],[0. 0. 0.],[0. 0. 0.],[0. 0. 0.],[1. 0. 0.],0,0.0,1.0,1.0,0.0,[1. 1. 1.],[1. 1. 1.],[1. 1. 1.],[0. 0. 0.],[0. 0. 0.],[0. 0. 0.],[1. 0. 0.],-0.0,0,0,0,0.0,-0.0,False
0.0,1.0,1.0,0.0,[1. 1. 1.],[1. 1. 1.],[1. 1. 1.],[0. 0. 0.],[0. 0. 0.],[0. 0. 0.],[1. 0. 0.],0,0.0,1.0,1.0,0.0,[1. 1. 1.],[1. 1. 1.],[1. 1. 1.],[0. 0. 0.],[0. 0. 0.],[0. 0. 0.],[1. 0. 0.],-0.0,0,0,0,0.0,-0.0,False
0.0,1.0,1.0,0.0,[1. 1. 1.],[1. 1. 1.],[1. 1. 1.],[0. 0. 0.],[0. 0. 0.],[0. 0. 0.],[1. 0. 0.],0,0.0,1.0,1.0,0.0,[1. 1. 1.],[1. 1. 1.],[1. 1. 1.],[0. 0. 0.],[0. 0. 0.],[0. 0. 0.],[1. 0. 0.],-0.0,0,0,0,0.0,-0.0,False
0.0,1.0,1.0,0.0,[1. 1. 1.],[1. 1. 1.],[1. 1. 1.],[0. 0. 0.],[0. 0. 0.],[0. 0. 0.],[1. 0. 0.],0,0.0,1.0,1.0,0.0,[1. 1. 1.],[1. 1. 1.],[1. 1. 1.],[0. 0. 0.],[0. 0. 0.],[0. 0. 0.],[1. 0. 0.],-0.0,0,0,0,0.0,-0.0,False
0.0,1.0,1.0,0.0,[1. 1. 1.],[1. 1. 1.],[1. 1. 1.],[0. 0. 0.],[0. 0. 0.],[0. 0. 0.],[1. 0. 0.],0,0.0,1.0,1.0,0.0,[1. 1. 1.],[1. 1. 1.],[1. 1. 1.],[0. 0. 0.],[0. 0. 0.],[0. 0. 0.],[1. 0. 0.],-0.0,0,0,0,0.0,-0.0,False
0.0,1.0,1.0,0.0,[1. 1. 1.],[1. 1. 1.],[1. 1. 1.],[0. 0. 0.],[0. 0. 0.],[0. 0. 0.],[1. 0. 0.],0,0.0,1.0,1.0,0.0,[1. 1. 1.],[1. 1. 1.],[1. 1. 1.],[0. 0. 0.],[0. 0. 0.],[0. 0. 0.],[1. 0. 0.],-0.0,0,0,0,0.0,-0.0,False
0.0,1.0,1.0,0.0,[1. 1. 1.],[1. 1. 1.],[1. 1. 1.],[0. 0. 0.],[0. 0. 0.],[0. 0. 0.],[1. 0. 0.],0,0.0,1.0,1.0,0.0,[1. 1. 1.],[1. 1. 1.],[1. 1. 1.],[0. 0. 0.],[0. 0. 0.],[0. 0. 0.],[1. 0. 0.],-0.0,0,0,0,0.0,-0.0,False
0.0,1.0,1.0,0.0,[1. 1. 1.],[1. 1. 1.],[1. 1. 1.],[0. 0. 0.],[0. 0. 0.],[0. 0. 0.],[1. 0. 0.],0,0.0,1.0,1.0,0.0,[1. 1. 1.],[1. 1. 1.],[1. 1. 1.],[0. 0. 0.],[0. 0. 0.],[0. 0. 0.],[1. 0. 0.],-0.0,0,0,0,0.0,-0.0,False
0.0,1.0,1.0,0.0,[1. 1. 1.],[1. 1. 1.],[1. 1. 1.],[0. 0. 0.],[0. 0. 0.],[0. 0. 0.],[1. 0. 0.],0,0.0,1.0,1.0,0.0,[1. 1. 1.],[1. 1. 1.],[1. 1. 1.],[0. 0. 0.],[0. 0. 0.],[0. 0. 0.],[1. 0. 0.],-0.0,0,0,0,0.0,-0.0,False
0.0,1.0,1.0,0.0,[1. 1. 1.],[1. 1. 1.],[1. 1. 1.],[0. 0. 0.],[0. 0. 0.],[0. 0. 0.],[1. 0. 0.],0,0.0,1.0,1.0,0.0,[1. 1. 1.],[1. 1. 1.],[1. 1. 1.],[0. 0. 0.],[0. 0. 0.],[0. 0. 0.],[1. 0. 0.],-0.0,0,0,0,0.0,-0.0,False
0.0,1.0,1.0,0.0,[1. 1. 1.],[1. 1. 1.],[1. 1. 1.],[0. 0. 0.],[0. 0. 0.],[0. 0. 0.],[1. 0. 0.],0,0.0,1.0,1.0,0.0,[1. 1. 1.],[1. 1. 1.],[1. 1. 1.],[0. 0. 0.],[0. 0. 0.],[0. 0. 0.],[1. 0. 0.],-0.0,0,0,0,0.0,-0.0,False
0.0,1.0,1.0,0.0,[1. 1. 1.],[1. 1. 1.],[1. 1. 1.],[0. 0. 0.],[0. 0. 0.],[0. 0. 0.],[1. 0. 0.],0,0.0,1.0,1.0,0.0,[1. 1. 1.],[1. 1. 1.],[1. 1. 1.],[0. 0. 0.],[0. 0. 0.],[0. 0. 0.],[1. 0. 0.],-0.0,0,0,0,0.0,-0.0,False
0.0,1.0,1.0,0.0,[1. 1. 1.],[1. 1. 1.],[1. 1. 1.],[0. 0. 0.],[0. 0. 0.],[0. 0. 0.],[1. 0. 0.],0,0.0,1.0,1.0,0.0,[1. 1. 1.],[1. 1. 1.],[1. 1. 1.],[0. 0. 0.],[0. 0. 0.],[0. 0. 0.],[1. 0. 0.],-0.0,0,0,0,0.0,-0.0,False
0.0,1.0,1.0,0.0,[1. 1. 1.],[1. 1. 1.],[1. 1. 1.],[0. 0. 0.],[0. 0. 0.],[0. 0. 0.],[1. 0. 0.],0,0.0,1.0,1.0,0.0,[1. 1. 1.],[1. 1. 1.],[1. 1. 1.],[0. 0. 0.],[0. 0. 0.],[0. 0. 0.],[1. 0. 0.],-0.0,0,0,0,0.0,-0.0,False
0.0,1.0,1.0,0.0,[1. 1. 1.],[1. 1. 1.],[1. 1. 1.],[0. 0. 0.],[0. 0. 0.],[0. 0. 0.],[1. 0. 0.],0,0.0,1.0,1.0,0.0,[1. 1. 1.],[1. 1. 1.],[1. 1. 1.],[0. 0. 0.],[0. 0. 0.],[0. 0. 0.],[1. 0. 0.],-0.0,0,0,0,0.0,-0.0,False
0.0,1.0,1.0,0.0,[1. 1. 1.],[1. 1. 1.],[1. 1. 1.],[0. 0. 0.],[0. 0. 0.],[0. 0. 0.],[1. 0. 0.],0,0.0,1.0,1.0,0.0,[1. 1. 1.],[1. 1. 1.],[1. 1. 1.],[0. 0. 0.],[0. 0. 0.],[0. 0. 0.],[1. 0. 0.],-0.0,0,0,0,0.0,-0.0,False
0.0,1.0,1.0,0.0,[1. 1. 1.],[1. 1. 1.],[1. 1. 1.],[0. 0. 0.],[0. 0. 0.],[0. 0. 0.],[1. 0. 0.],0,0.0,1.0,1.0,0.0,[1. 1. 1.],[1. 1. 1.],[1. 1. 1.],[0. 0. 0.],[0. 0. 0.],[0. 0. 0.],[1. 0. 0.],-0.0,0,0,0,0.0,-0.0,False
0.0,1.0,1.0,0.0,[1. 1. 1.],[1. 1. 1.],[1. 1. 1.],[0. 0. 0.],[0. 0. 0.],[0. 0. 0.],[1. 0. 0.],0,0.0,1.0,1.0,0.0,[1. 1. 1.],[1. 1. 1.],[1. 1. 1.],[0. 0. 0.],[0. 0. 0.],[0. 0. 0.],[1. 0. 0.],-0.0,0,0,0,0.0,-0.0,False
0.0,1.0,1.0,0.0,[1. 1. 1.],[1. 1. 1.],[1. 1. 1.],[0. 0. 0.],[0. 0. 0.],[0. 0. 0.],[1. 0. 0.],0,0.0,1.0,1.0,0.0,[1. 1. 1.],[1. 1. 1.],[1. 1. 1.],[0. 0. 0.],[0. 0. 0.],[0. 0. 0.],[1. 0. 0.],-0.0,0,0,0,0.0,-0.0,False
0.0,1.0,1.0,0.0,[1. 1. 1.],[1. 1. 1.],[1. 1. 1.],[0. 0. 0.],[0. 0. 0.],[0. 0. 0.],[1. 0. 0.],0,0.0,1.0,1.0,0.0,[1. 1. 1.],[1. 1. 1.],[1. 1. 1.],[0. 0. 0.],[0. 0. 0.],[0. 0. 0.],[1. 0. 0.],-0.0,0,0,0,0.0,-0.0,False
0.0,1.0,1.0,0.0,[1. 1. 1.],[1. 1. 1.],[1. 1. 1.],[0. 0. 0.],[0. 0. 0.],[0. 0. 0.],[1. 0. 0.],0,0.0,1.0,1.0,0.0,[1. 1. 1.],[1. 1. 1.],[1. 1. 1.],[0. 0. 0.],[0. 0. 0.],[0. 0. 0.],[1. 0. 0.],-0.0,0,0,0,0.0,-0.0,False
0.0,1.0,1.0,0.0,[1. 1. 1.],[1. 1. 1.],[1. 1. 1.],[0. 0. 0.],[0. 0. 0.],[0. 0. 0.],[1. 0. 0.],0,0.0,1.0,1.0,0.0,[1. 1. 1.],[1. 1. 1.],[1. 1. 1.],[0. 0. 0.],[0. 0. 0.],[0. 0. 0.],[1. 0. 0.],-0.0,0,0,0,0.0,-0.0,False
0.0,1.0,1.0,0.0,[1. 1. 1.],[1. 1. 1.],[1. 1. 1.],[0. 0. 0.],[0. 0. 0.],[0. 0. 0.],[1. 0. 0.],0,0.0,1.0,1.0,0.0,[1. 1. 1.],[1. 1. 1.],[1. 1. 1.],[0. 0. 0.],[0. 0. 0.],[0. 0. 0.],[1. 0. 0.],-0.0,0,0,0,0.0,-0.0,False
0.0,1.0,1.0,0.0,[1. 1. 1.],[1. 1. 1.],[1. 1. 1.],[0. 0. 0.],[0. 0. 0.],[0. 0. 0.],[1. 0. 0.],0,0.0,1.0,1.0,0.0,[1. 1. 1.],[1. 1. 1.],[1. 1. 1.],[0. 0. 0.],[0. 0. 0.],[0. 0. 0.],[1. 0. 0.],-0.0,0,0,0,0.0,-0.0,False
0.0,1.0,1.0,0.0,[1. 1. 1.],[1. 1. 1.],[1. 1. 1.],[0. 0. 0.],[0. 0. 0.],[0. 0. 0.],[1. 0. 0.],0,0.0,1.0,1.0,0.0,[1. 1. 1.],[1. 1. 1.],[1. 1. 1.],[0. 0. 0.],[0. 0. 0.],[0. 0. 0.],[1. 0. 0.],-0.0,0,0,0,0.0,-0.0,False
0.0,1.0,1.0,0.0,[1. 1. 1.],[1. 1. 1.],[1. 1. 1.],[0. 0. 0.],[0. 0. 0.],[0. 0. 0.],[1. 0. 0.],0,0.0,1.0,1.0,0.0,[1. 1. 1.],[1. 1. 1.],[1. 1. 1.],[0. 0. 0.],[0. 0. 0.],[0. 0. 0.],[1. 0. 0.],-0.0,0,0,0,0.0,-0.0,False
0.0,1.0,1.0,0.0,[1. 1. 1.],[1. 1. 1.],[1. 1. 1.],[0. 0. 0.],[0. 0. 0.],[0. 0. 0.],[1. 0. 0.],0,0.0,1.0,1.0,0.0,[1. 1. 1.],[1. 1. 1.],[1. 1. 1.],[0. 0. 0.],[0. 0. 0.],[0. 0. 0.],[1. 0. 0.],-0.0,0,0,0,0.0,-0.0,False
0.0,1.0,1.0,0.0,[1. 1. 1.],[1. 1. 1.],[1. 1. 1.],[0. 0. 0.],[0. 0. 0.],[0. 0. 0.],[1. 0. 0.],0,0.0,1.0,1.0,0.0,[1. 1. 1.],[1. 1. 1.],[1. 1. 1.],[0. 0. 0.],[0. 0. 0.],[0. 0. 0.],[1. 0. 0.],-0.0,0,0,0,0.0,-0.0,False
0.0,1.0,1.0,0.0,[1. 1. 1.],[1. 1. 1.],[1. 1. 1.],[0. 0. 0.],[0. 0. 0.],[0. 0. 0.],[1. 0. 0.],0,0.0,1.0,1.0,0.0,[1. 1. 1.],[1. 1. 1.],[1. 1. 1.],[0. 0. 0.],[0. 0. 0.],[0. 0. 0.],[1. 0. 0.],-0.0,0,0,0,0.0,-0.0,False
0.0,1.0,1.0,0.0,[1. 1. 1.],[1. 1. 1.],[1. 1. 1.],[0. 0. 0.],[0. 0. 0.],[0. 0. 0.],[1. 0. 0.],0,0.0,1.0,1.0,0.0,[1. 1. 1.],[1. 1. 1.],[1. 1. 1.],[0. 0. 0.],[0. 0. 0.],[0. 0. 0.],[1. 0. 0.],-0.0,0,0,0,0.0,-0.0,False
0.0,1.0,1.0,0.0,[1. 1. 1.],[1. 1. 1.],[1. 1. 1.],[0. 0. 0.],[0. 0. 0.],[0. 0. 0.],[1. 0. 0.],0,0.0,1.0,1.0,0.0,[1. 1. 1.],[1. 1. 1.],[1. 1. 1.],[0. 0. 0.],[0. 0. 0.],[0. 0. 0.],[1. 0. 0.],-0.0,0,0,0,0.0,-0.0,False
0.0,1.0,1.0,0.0,[1. 1. 1.],[1. 1. 1.],[1. 1. 1.],[0. 0. 0.],[0. 0. 0.],[0. 0. 0.],[1. 0. 0.],0,0.0,1.0,1.0,0.0,[1. 1. 1.],[1. 1. 1.],[1. 1. 1.],[0. 0. 0.],[0. 0. 0.],[0. 0. 0.],[1. 0. 0.],-0.0,0,0,0,0.0,-0.0,False
0.0,1.0,1.0,0.0,[1. 1. 1.],[1. 1. 1.],[1. 1. 1.],[0. 0. 0.],[0. 0. 0.],[0. 0. 0.],[1. 0. 0.],0,0.0,1.0,1.0,0.0,[1. 1. 1.],[1. 1. 1.],[1. 1. 1.],[0. 0. 0.],[0. 0. 0.],[0. 0. 0.],[1. 0. 0.],-0.0,0,0,0,0.0,-0.0,False
0.0,1.0,1.0,0.0,[1. 1. 1.],[1. 1. 1.],[1. 1. 1.],[0. 0. 0.],[0. 0. 0.],[0. 0. 0.],[1. 0. 0.],0,0.0,1.0,1.0,0.0,[1. 1. 1.],[1. 1. 1.],[1. 1. 1.],[0. 0. 0.],[0. 0. 0.],[0. 0. 0.],[1. 0. 0.],-0.0,0,0,0,0.0,-0.0,False
0.0,1.0,1.0,0.0,[1. 1. 1.],[1. 1. 1.],[1. 1. 1.],[0. 0. 0.],[0. 0. 0.],[0. 0. 0.],[1. 0. 0.],0,0.0,1.0,1.0,0.0,[1. 1. 1.],[1. 1. 1.],[1. 1. 1.],[0. 0. 0.],[0. 0. 0.],[0. 0. 0.],[1. 0. 0.],-0.0,0,0,0,0.0,-0.0,False
0.0,1.0,1.0,0.0,[1. 1. 1.],[1. 1. 1.],[1. 1. 1.],[0. 0. 0.],[0. 0. 0.],[0. 0. 0.],[1. 0. 0.],0,0.0,1.0,1.0,0.0,[1. 1. 1.],[1. 1. 1.],[1. 1. 1.],[0. 0. 0.],[0. 0. 0.],[0. 0. 0.],[1. 0. 0.],-0.0,0,0,0,0.0,-0.0,False
0.0,1.0,1.0,0.0,[1. 1. 1.],[1. 1. 1.],[1. 1. 1.],[0. 0. 0.],[0. 0. 0.],[0. 0. 0.],[1. 0. 0.],0,0.0,1.0,1.0,0.0,[1. 1. 1.],[1. 1. 1.],[1. 1. 1.],[0. 0. 0.],[0. 0. 0.],[0. 0. 0.],[1. 0. 0.],-0.0,0,0,0,0.0,-0.0,False
0.0,1.0,1.0,0.0,[1. 1. 1.],[1. 1. 1.],[1. 1. 1.],[0. 0. 0.],[0. 0. 0.],[0. 0. 0.],[1. 0. 0.],0,0.0,1.0,1.0,0.0,[1. 1. 1.],[1. 1. 1.],[1. 1. 1.],[0. 0. 0.],[0. 0. 0.],[0. 0. 0.],[1. 0. 0.],-0.0,0,0,0,0.0,-0.0,False
0.0,1.0,1.0,0.0,[1. 1. 1.],[1. 1. 1.],[1. 1. 1.],[0. 0. 0.],[0. 0. 0.],[0. 0. 0.],[1. 0. 0.],0,0.0,1.0,1.0,0.0,[1. 1. 1.],[1. 1. 1.],[1. 1. 1.],[0. 0. 0.],[0. 0. 0.],[0. 0. 0.],[1. 0. 0.],-0.0,0,0,0,0.0,-0.0,False
0.0,1.0,1.0,0.0,[1. 1. 1.],[1. 1. 1.],[1. 1. 1.],[0. 0. 0.],[0. 0. 0.],[0. 0. 0.],[1. 0. 0.],0,0.0,1.0,1.0,0.0,[1. 1. 1.],[1. 1. 1.],[1. 1. 1.],[0. 0. 0.],[0. 0. 0.],[0. 0. 0.],[1. 0. 0.],-0.0,0,0,0,0.0,-0.0,False
0.0,1.0,1.0,0.0,[1. 1. 1.],[1. 1. 1.],[1. 1. 1.],[0. 0. 0.],[0. 0. 0.],[0. 0. 0.],[1. 0. 0.],0,0.0,1.0,1.0,0.0,[1. 1. 1.],[1. 1. 1.],[1. 1. 1.],[0. 0. 0.],[0. 0. 0.],[0. 0. 0.],[1. 0. 0.],-0.0,0,0,0,0.0,-0.0,False
0.0,1.0,1.0,0.0,[1. 1. 1.],[1. 1. 1.],[1. 1. 1.],[0. 0. 0.],[0. 0. 0.],[0. 0. 0.],[1. 0. 0.],0,0.0,1.0,1.0,0.0,[1. 1. 1.],[1. 1. 1.],[1. 1. 1.],[0. 0. 0.],[0. 0. 0.],[0. 0. 0.],[1. 0. 0.],-0.0,0,0,0,0.0,-0.0,False
0.0,1.0,1.0,0.0,[1. 1. 1.],[1. 1. 1.],[1. 1. 1.],[0. 0. 0.],[0. 0. 0.],[0. 0. 0.],[1. 0. 0.],0,0.0,1.0,1.0,0.0,[1. 1. 1.],[1. 1. 1.],[1. 1. 1.],[0. 0. 0.],[0. 0. 0.],[0. 0. 0.],[1. 0. 0.],-0.0,0,0,0,0.0,-0.0,False
0.0,1.0,1.0,0.0,[1. 1. 1.],[1. 1. 1.],[1. 1. 1.],[0. 0. 0.],[0. 0. 0.],[0. 0. 0.],[1. 0. 0.],0,0.0,1.0,1.0,0.0,[1. 1. 1.],[1. 1. 1.],[1. 1. 1.],[0. 0. 0.],[0. 0. 0.],[0. 0. 0.],[1. 0. 0.],-0.0,0,0,0,0.0,-0.0,False
0.0,1.0,1.0,0.0,[1. 1. 1.],[1. 1. 1.],[1. 1. 1.],[0. 0. 0.],[0. 0. 0.],[0. 0. 0.],[1. 0. 0.],0,0.0,1.0,1.0,0.0,[1. 1. 1.],[1. 1. 1.],[1. 1. 1.],[0. 0. 0.],[0. 0. 0.],[0. 0. 0.],[1. 0. 0.],-0.0,0,0,0,0.0,-0.0,False
0.0,1.0,1.0,0.0,[1. 1. 1.],[1. 1. 1.],[1. 1. 1.],[0. 0. 0.],[0. 0. 0.],[0. 0. 0.],[1. 0. 0.],0,0.0,1.0,1.0,0.0,[1. 1. 1.],[1. 1. 1.],[1. 1. 1.],[0. 0. 0.],[0. 0. 0.],[0. 0. 0.],[1. 0. 0.],-0.0,0,0,0,0.0,-0.0,False
0.0,1.0,1.0,0.0,[1. 1. 1.],[1. 1. 1.],[1. 1. 1.],[0. 0. 0.],[0. 0. 0.],[0. 0. 0.],[1. 0. 0.],0,0.0,1.0,1.0,0.0,[1. 1. 1.],[1. 1. 1.],[1. 1. 1.],[0. 0. 0.],[0. 0. 0.],[0. 0. 0.],[1. 0. 0.],-0.0,0,0,0,0.0,-0.0,False
0.0,1.0,1.0,0.0,[1. 1. 1.],[1. 1. 1.],[1. 1. 1.],[0. 0. 0.],[0. 0. 0.],[0. 0. 0.],[1. 0. 0.],0,0.0,1.0,1.0,0.0,[1. 1. 1.],[1. 1. 1.],[1. 1. 1.],[0. 0. 0.],[0. 0. 0.],[0. 0. 0.],[1. 0. 0.],-0.0,0,0,0,0.0,-0.0,False
0.0,1.0,1.0,0.0,[1. 1. 1.],[1. 1. 1.],[1. 1. 1.],[0. 0. 0.],[0. 0. 0.],[0. 0. 0.],[1. 0. 0.],0,0.0,1.0,1.0,0.0,[1. 1. 1.],[1. 1. 1.],[1. 1. 1.],[0. 0. 0.],[0. 0. 0.],[0. 0. 0.],[1. 0. 0.],-0.0,0,0,0,0.0,-0.0,False
0.0,1.0,1.0,0.0,[1. 1. 1.],[1. 1. 1.],[1. 1. 1.],[0. 0. 0.],[0. 0. 0.],[0. 0. 0.],[1. 0. 0.],0,0.0,1.0,1.0,0.0,[1. 1. 1.],[1. 1. 1.],[1. 1. 1.],[0. 0. 0.],[0. 0. 0.],[0. 0. 0.],[1. 0. 0.],-0.0,0,0,0,0.0,-0.0,False
0.0,1.0,1.0,0.0,[1. 1. 1.],[1. 1. 1.],[1. 1. 1.],[0. 0. 0.],[0. 0. 0.],[0. 0. 0.],[1. 0. 0.],0,0.0,1.0,1.0,0.0,[1. 1. 1.],[1. 1. 1.],[1. 1. 1.],[0. 0. 0.],[0. 0. 0.],[0. 0. 0.],[1. 0. 0.],-0.0,0,0,0,0.0,-0.0,False
0.0,1.0,1.0,0.0,[1. 1. 1.],[1. 1. 1.],[1. 1. 1.],[0. 0. 0.],[0. 0. 0.],[0. 0. 0.],[1. 0. 0.],0,0.0,1.0,1.0,0.0,[1. 1. 1.],[1. 1. 1.],[1. 1. 1.],[0. 0. 0.],[0. 0. 0.],[0. 0. 0.],[1. 0. 0.],-0.0,0,0,0,0.0,-0.0,False
0.0,1.0,1.0,0.0,[1. 1. 1.],[1. 1. 1.],[1. 1. 1.],[0. 0. 0.],[0. 0. 0.],[0. 0. 0.],[1. 0. 0.],0,0.0,1.0,1.0,0.0,[1. 1. 1.],[1. 1. 1.],[1. 1. 1.],[0. 0. 0.],[0. 0. 0.],[0. 0. 0.],[1. 0. 0.],-0.0,0,0,0,0.0,-0.0,False
0.0,1.0,1.0,0.0,[1. 1. 1.],[1. 1. 1.],[1. 1. 1.],[0. 0. 0.],[0. 0. 0.],[0. 0. 0.],[1. 0. 0.],0,0.0,1.0,1.0,0.0,[1. 1. 1.],[1. 1. 1.],[1. 1. 1.],[0. 0. 0.],[0. 0. 0.],[0. 0. 0.],[1. 0. 0.],-0.0,0,0,0,0.0,-0.0,False
0.0,1.0,1.0,0.0,[1. 1. 1.],[1. 1. 1.],[1. 1. 1.],[0. 0. 0.],[0. 0. 0.],[0. 0. 0.],[1. 0. 0.],0,0.0,1.0,1.0,0.0,[1. 1. 1.],[1. 1. 1.],[1. 1. 1.],[0. 0. 0.],[0. 0. 0.],[0. 0. 0.],[1. 0. 0.],-0.0,0,0,0,0.0,-0.0,False
0.0,1.0,1.0,0.0,[1. 1. 1.],[1. 1. 1.],[1. 1. 1.],[0. 0. 0.],[0. 0. 0.],[0. 0. 0.],[1. 0. 0.],0,0.0,1.0,1.0,0.0,[1. 1. 1.],[1. 1. 1.],[1. 1. 1.],[0. 0. 0.],[0. 0. 0.],[0. 0. 0.],[1. 0. 0.],-0.0,0,0,0,0.0,-0.0,False
0.0,1.0,1.0,0.0,[1. 1. 1.],[1. 1. 1.],[1. 1. 1.],[0. 0. 0.],[0. 0. 0.],[0. 0. 0.],[1. 0. 0.],0,0.0,1.0,1.0,0.0,[1. 1. 1.],[1. 1. 1.],[1. 1. 1.],[0. 0. 0.],[0. 0. 0.],[0. 0. 0.],[1. 0. 0.],-0.0,0,0,0,0.0,-0.0,False
0.0,1.0,1.0,0.0,[1. 1. 1.],[1. 1. 1.],[1. 1. 1.],[0. 0. 0.],[0. 0. 0.],[0. 0. 0.],[1. 0. 0.],0,0.0,1.0,1.0,0.0,[1. 1. 1.],[1. 1. 1.],[1. 1. 1.],[0. 0. 0.],[0. 0. 0.],[0. 0. 0.],[1. 0. 0.],-0.0,0,0,0,0.0,-0.0,False
0.0,1.0,1.0,0.0,[1. 1. 1.],[1. 1. 1.],[1. 1. 1.],[0. 0. 0.],[0. 0. 0.],[0. 0. 0.],[1. 0. 0.],0,0.0,1.0,1.0,0.0,[1. 1. 1.],[1. 1. 1.],[1. 1. 1.],[0. 0. 0.],[0. 0. 0.],[0. 0. 0.],[1. 0. 0.],-0.0,0,0,0,0.0,-0.0,False
0.0,1.0,1.0,0.0,[1. 1. 1.],[1. 1. 1.],[1. 1. 1.],[0. 0. 0.],[0. 0. 0.],[0. 0. 0.],[1. 0. 0.],0,0.0,1.0,1.0,0.0,[1. 1. 1.],[1. 1. 1.],[1. 1. 1.],[0. 0. 0.],[0. 0. 0.],[0. 0. 0.],[1. 0. 0.],-0.0,0,0,0,0.0,-0.0,False
0.0,1.0,1.0,0.0,[1. 1. 1.],[1. 1. 1.],[1. 1. 1.],[0. 0. 0.],[0. 0. 0.],[0. 0. 0.],[1. 0. 0.],0,0.0,1.0,1.0,0.0,[1. 1. 1.],[1. 1. 1.],[1. 1. 1.],[0. 0. 0.],[0. 0. 0.],[0. 0. 0.],[1. 0. 0.],-0.0,0,0,0,0.0,-0.0,False
0.0,1.0,1.0,0.0,[1. 1. 1.],[1. 1. 1.],[1. 1. 1.],[0. 0. 0.],[0. 0. 0.],[0. 0. 0.],[1. 0. 0.],0,0.0,1.0,1.0,0.0,[1. 1. 1.],[1. 1. 1.],[1. 1. 1.],[0. 0. 0.],[0. 0. 0.],[0. 0. 0.],[1. 0. 0.],-0.0,0,0,0,0.0,-0.0,False
0.0,1.0,1.0,0.0,[1. 1. 1.],[1. 1. 1.],[1. 1. 1.],[0. 0. 0.],[0. 0. 0.],[0. 0. 0.],[1. 0. 0.],0,0.0,1.0,1.0,0.0,[1. 1. 1.],[1. 1. 1.],[1. 1. 1.],[0. 0. 0.],[0. 0. 0.],[0. 0. 0.],[1. 0. 0.],-0.0,0,0,0,0.0,-0.0,False
0.0,1.0,1.0,0.0,[1. 1. 1.],[1. 1. 1.],[1. 1. 1.],[0. 0. 0.],[0. 0. 0.],[0. 0. 0.],[1. 0. 0.],0,0.0,1.0,1.0,0.0,[1. 1. 1.],[1. 1. 1.],[1. 1. 1.],[0. 0. 0.],[0. 0. 0.],[0. 0. 0.],[1. 0. 0.],-0.0,0,0,0,0.0,-0.0,False
0.0,1.0,1.0,0.0,[1. 1. 1.],[1. 1. 1.],[1. 1. 1.],[0. 0. 0.],[0. 0. 0.],[0. 0. 0.],[1. 0. 0.],0,0.0,1.0,1.0,0.0,[1. 1. 1.],[1. 1. 1.],[1. 1. 1.],[0. 0. 0.],[0. 0. 0.],[0. 0. 0.],[1. 0. 0.],-0.0,0,0,0,0.0,-0.0,False
0.0,1.0,1.0,0.0,[1. 1. 1.],[1. 1. 1.],[1. 1. 1.],[0. 0. 0.],[0. 0. 0.],[0. 0. 0.],[1. 0. 0.],0,0.0,1.0,1.0,0.0,[1. 1. 1.],[1. 1. 1.],[1. 1. 1.],[0. 0. 0.],[0. 0. 0.],[0. 0. 0.],[1. 0. 0.],-0.0,0,0,0,0.0,-0.0,False
0.0,1.0,1.0,0.0,[1. 1. 1.],[1. 1. 1.],[1. 1. 1.],[0. 0. 0.],[0. 0. 0.],[0. 0. 0.],[1. 0. 0.],0,0.0,1.0,1.0,0.0,[1. 1. 1.],[1. 1. 1.],[1. 1. 1.],[0. 0. 0.],[0. 0. 0.],[0. 0. 0.],[1. 0. 0.],-0.0,0,0,0,0.0,-0.0,False
0.0,1.0,1.0,0.0,[1. 1. 1.],[1. 1. 1.],[1. 1. 1.],[0. 0. 0.],[0. 0. 0.],[0. 0. 0.],[1. 0. 0.],0,0.0,1.0,1.0,0.0,[1. 1. 1.],[1. 1. 1.],[1. 1. 1.],[0. 0. 0.],[0. 0. 0.],[0. 0. 0.],[1. 0. 0.],-0.0,0,0,0,0.0,-0.0,False
0.0,1.0,1.0,0.0,[1. 1. 1.],[1. 1. 1.],[1. 1. 1.],[0. 0. 0.],[0. 0. 0.],[0. 0. 0.],[1. 0. 0.],0,0.0,1.0,1.0,0.0,[1. 1. 1.],[1. 1. 1.],[1. 1. 1.],[0. 0. 0.],[0. 0. 0.],[0. 0. 0.],[1. 0. 0.],-0.0,0,0,0,0.0,-0.0,False
0.0,1.0,1.0,0.0,[1. 1. 1.],[1. 1. 1.],[1. 1. 1.],[0. 0. 0.],[0. 0. 0.],[0. 0. 0.],[1. 0. 0.],0,0.0,1.0,1.0,0.0,[1. 1. 1.],[1. 1. 1.],[1. 1. 1.],[0. 0. 0.],[0. 0. 0.],[0. 0. 0.],[1. 0. 0.],-0.0,0,0,0,0.0,-0.0,False
0.0,1.0,1.0,0.0,[1. 1. 1.],[1. 1. 1.],[1. 1. 1.],[0. 0. 0.],[0. 0. 0.],[0. 0. 0.],[1. 0. 0.],0,0.0,1.0,1.0,0.0,[1. 1. 1.],[1. 1. 1.],[1. 1. 1.],[0. 0. 0.],[0. 0. 0.],[0. 0. 0.],[1. 0. 0.],-0.0,0,0,0,0.0,-0.0,False
0.0,1.0,1.0,0.0,[1. 1. 1.],[1. 1. 1.],[1. 1. 1.],[0. 0. 0.],[0. 0. 0.],[0. 0. 0.],[1. 0. 0.],0,0.0,1.0,1.0,0.0,[1. 1. 1.],[1. 1. 1.],[1. 1. 1.],[0. 0. 0.],[0. 0. 0.],[0. 0. 0.],[1. 0. 0.],-0.0,0,0,0,0.0,-0.0,False
0.0,1.0,1.0,0.0,[1. 1. 1.],[1. 1. 1.],[1. 1. 1.],[0. 0. 0.],[0. 0. 0.],[0. 0. 0.],[1. 0. 0.],0,0.0,1.0,1.0,0.0,[1. 1. 1.],[1. 1. 1.],[1. 1. 1.],[0. 0. 0.],[0. 0. 0.],[0. 0. 0.],[1. 0. 0.],-0.0,0,0,0,0.0,-0.0,False
0.0,1.0,1.0,0.0,[1. 1. 1.],[1. 1. 1.],[1. 1. 1.],[0. 0. 0.],[0. 0. 0.],[0. 0. 0.],[1. 0. 0.],0,0.0,1.0,1.0,0.0,[1. 1. 1.],[1. 1. 1.],[1. 1. 1.],[0. 0. 0.],[0. 0. 0.],[0. 0. 0.],[1. 0. 0.],-0.0,0,0,0,0.0,-0.0,False
0.0,1.0,1.0,0.0,[1. 1. 1.],[1. 1. 1.],[1. 1. 1.],[0. 0. 0.],[0. 0. 0.],[0. 0. 0.],[1. 0. 0.],0,0.0,1.0,1.0,0.0,[1. 1. 1.],[1. 1. 1.],[1. 1. 1.],[0. 0. 0.],[0. 0. 0.],[0. 0. 0.],[1. 0. 0.],-0.0,0,0,0,0.0,-0.0,False
0.0,1.0,1.0,0.0,[1. 1. 1.],[1. 1. 1.],[1. 1. 1.],[0. 0. 0.],[0. 0. 0.],[0. 0. 0.],[1. 0. 0.],0,0.0,1.0,1.0,0.0,[1. 1. 1.],[1. 1. 1.],[1. 1. 1.],[0. 0. 0.],[0. 0. 0.],[0. 0. 0.],[1. 0. 0.],-0.0,0,0,0,0.0,-0.0,False
0.0,1.0,1.0,0.0,[1. 1. 1.],[1. 1. 1.],[1. 1. 1.],[0. 0. 0.],[0. 0. 0.],[0. 0. 0.],[1. 0. 0.],0,0.0,1.0,1.0,0.0,[1. 1. 1.],[1. 1. 1.],[1. 1. 1.],[0. 0. 0.],[0. 0. 0.],[0. 0. 0.],[1. 0. 0.],-0.0,0,0,0,0.0,-0.0,False
0.0,1.0,1.0,0.0,[1. 1. 1.],[1. 1. 1.],[1. 1. 1.],[0. 0. 0.],[0. 0. 0.],[0. 0. 0.],[1. 0. 0.],0,0.0,1.0,1.0,0.0,[1. 1. 1.],[1. 1. 1.],[1. 1. 1.],[0. 0. 0.],[0. 0. 0.],[0. 0. 0.],[1. 0. 0.],-0.0,0,0,0,0.0,-0.0,False
0.0,1.0,1.0,0.0,[1. 1. 1.],[1. 1. 1.],[1. 1. 1.],[0. 0. 0.],[0. 0. 0.],[0. 0. 0.],[1. 0. 0.],0,0.0,1.0,1.0,0.0,[1. 1. 1.],[1. 1. 1.],[1. 1. 1.],[0. 0. 0.],[0. 0. 0.],[0. 0. 0.],[1. 0. 0.],-0.0,0,0,0,0.0,-0.0,False
0.0,1.0,1.0,0.0,[1. 1. 1.],[1. 1. 1.],[1. 1. 1.],[0. 0. 0.],[0. 0. 0.],[0. 0. 0.],[1. 0. 0.],0,0.0,1.0,1.0,0.0,[1. 1. 1.],[1. 1. 1.],[1. 1. 1.],[0. 0. 0.],[0. 0. 0.],[0. 0. 0.],[1. 0. 0.],-0.0,0,0,0,0.0,-0.0,False
0.0,1.0,1.0,0.0,[1. 1. 1.],[1. 1. 1.],[1. 1. 1.],[0. 0. 0.],[0. 0. 0.],[0. 0. 0.],[1. 0. 0.],0,0.0,1.0,1.0,0.0,[1. 1. 1.],[1. 1. 1.],[1. 1. 1.],[0. 0. 0.],[0. 0. 0.],[0. 0. 0.],[1. 0. 0.],-0.0,0,0,0,0.0,-0.0,False
0.0,1.0,1.0,0.0,[1. 1. 1.],[1. 1. 1.],[1. 1. 1.],[0. 0. 0.],[0. 0. 0.],[0. 0. 0.],[1. 0. 0.],0,0.0,1.0,1.0,0.0,[1. 1. 1.],[1. 1. 1.],[1. 1. 1.],[0. 0. 0.],[0. 0. 0.],[0. 0. 0.],[1. 0. 0.],-0.0,0,0,0,0.0,-0.0,False
0.0,1.0,1.0,0.0,[1. 1. 1.],[1. 1. 1.],[1. 1. 1.],[0. 0. 0.],[0. 0. 0.],[0. 0. 0.],[1. 0. 0.],0,0.0,1.0,1.0,0.0,[1. 1. 1.],[1. 1. 1.],[1. 1. 1.],[0. 0. 0.],[0. 0. 0.],[0. 0. 0.],[1. 0. 0.],-0.0,0,0,0,0.0,-0.0,False
0.0,1.0,1.0,0.0,[1. 1. 1.],[1. 1. 1.],[1. 1. 1.],[0. 0. 0.],[0. 0. 0.],[0. 0. 0.],[1. 0. 0.],0,0.0,1.0,1.0,0.0,[1. 1. 1.],[1. 1. 1.],[1. 1. 1.],[0. 0. 0.],[0. 0. 0.],[0. 0. 0.],[1. 0. 0.],-0.0,0,0,0,0.0,-0.0,False
0.0,1.0,1.0,0.0,[1. 1. 1.],[1. 1. 1.],[1. 1. 1.],[0. 0. 0.],[0. 0. 0.],[0. 0. 0.],[1. 0. 0.],0,0.0,1.0,1.0,0.0,[1. 1. 1.],[1. 1. 1.],[1. 1. 1.],[0. 0. 0.],[0. 0. 0.],[0. 0. 0.],[1. 0. 0.],-0.0,0,0,0,0.0,-0.0,False
0.0,1.0,1.0,0.0,[1. 1. 1.],[1. 1. 1.],[1. 1. 1.],[0. 0. 0.],[0. 0. 0.],[0. 0. 0.],[1. 0. 0.],0,0.0,1.0,1.0,0.0,[1. 1. 1.],[1. 1. 1.],[1. 1. 1.],[0. 0. 0.],[0. 0. 0.],[0. 0. 0.],[1. 0. 0.],-0.0,0,0,0,0.0,-0.0,False
0.0,1.0,1.0,0.0,[1. 1. 1.],[1. 1. 1.],[1. 1. 1.],[0. 0. 0.],[0. 0. 0.],[0. 0. 0.],[1. 0. 0.],0,0.0,1.0,1.0,0.0,[1. 1. 1.],[1. 1. 1.],[1. 1. 1.],[0. 0. 0.],[0. 0. 0.],[0. 0. 0.],[1. 0. 0.],-0.0,0,0,0,0.0,-0.0,False
0.0,1.0,1.0,0.0,[1. 1. 1.],[1. 1. 1.],[1. 1. 1.],[0. 0. 0.],[0. 0. 0.],[0. 0. 0.],[1. 0. 0.],0,0.0,1.0,1.0,0.0,[1. 1. 1.],[1. 1. 1.],[1. 1. 1.],[0. 0. 0.],[0. 0. 0.],[0. 0. 0.],[1. 0. 0.],-0.0,0,0,0,0.0,-0.0,False
0.0,1.0,1.0,0.0,[1. 1. 1.],[1. 1. 1.],[1. 1. 1.],[0. 0. 0.],[0. 0. 0.],[0. 0. 0.],[1. 0. 0.],0,0.0,1.0,1.0,0.0,[1. 1. 1.],[1. 1. 1.],[1. 1. 1.],[0. 0. 0.],[0. 0. 0.],[0. 0. 0.],[1. 0. 0.],-0.0,0,0,0,0.0,-0.0,False
0.0,1.0,1.0,0.0,[1. 1. 1.],[1. 1. 1.],[1. 1. 1.],[0. 0. 0.],[0. 0. 0.],[0. 0. 0.],[1. 0. 0.],0,0.0,1.0,1.0,0.0,[1. 1. 1.],[1. 1. 1.],[1. 1. 1.],[0. 0. 0.],[0. 0. 0.],[0. 0. 0.],[1. 0. 0.],-0.0,0,0,0,0.0,-0.0,False
0.0,1.0,1.0,0.0,[1. 1. 1.],[1. 1. 1.],[1. 1. 1.],[0. 0. 0.],[0. 0. 0.],[0. 0. 0.],[1. 0. 0.],0,0.0,1.0,1.0,0.0,[1. 1. 1.],[1. 1. 1.],[1. 1. 1.],[0. 0. 0.],[0. 0. 0.],[0. 0. 0.],[1. 0. 0.],-0.0,0,0,0,0.0,-0.0,False
0.0,1.0,1.0,0.0,[1. 1. 1.],[1. 1. 1.],[1. 1. 1.],[0. 0. 0.],[0. 0. 0.],[0. 0. 0.],[1. 0. 0.],0,0.0,1.0,1.0,0.0,[1. 1. 1.],[1. 1. 1.],[1. 1. 1.],[0. 0. 0.],[0. 0. 0.],[0. 0. 0.],[1. 0. 0.],-0.0,0,0,0,0.0,-0.0,False
0.0,1.0,1.0,0.0,[1. 1. 1.],[1. 1. 1.],[1. 1. 1.],[0. 0. 0.],[0. 0. 0.],[0. 0. 0.],[1. 0. 0.],0,0.0,1.0,1.0,0.0,[1. 1. 1.],[1. 1. 1.],[1. 1. 1.],[0. 0. 0.],[0. 0. 0.],[0. 0. 0.],[1. 0. 0.],-0.0,0,0,0,0.0,-0.0,False
0.0,1.0,1.0,0.0,[1. 1. 1.],[1. 1. 1.],[1. 1. 1.],[0. 0. 0.],[0. 0. 0.],[0. 0. 0.],[1. 0. 0.],0,0.0,1.0,1.0,0.0,[1. 1. 1.],[1. 1. 1.],[1. 1. 1.],[0. 0. 0.],[0. 0. 0.],[0. 0. 0.],[1. 0. 0.],-0.0,0,0,0,0.0,-0.0,False
0.0,1.0,1.0,0.0,[1. 1. 1.],[1. 1. 1.],[1. 1. 1.],[0. 0. 0.],[0. 0. 0.],[0. 0. 0.],[1. 0. 0.],0,0.0,1.0,1.0,0.0,[1. 1. 1.],[1. 1. 1.],[1. 1. 1.],[0. 0. 0.],[0. 0. 0.],[0. 0. 0.],[1. 0. 0.],-0.0,0,0,0,0.0,-0.0,False
0.0,1.0,1.0,0.0,[1. 1. 1.],[1. 1. 1.],[1. 1. 1.],[0. 0. 0.],[0. 0. 0.],[0. 0. 0.],[1. 0. 0.],0,0.0,1.0,1.0,0.0,[1. 1. 1.],[1. 1. 1.],[1. 1. 1.],[0. 0. 0.],[0. 0. 0.],[0. 0. 0.],[1. 0. 0.],-0.0,0,0,0,0.0,-0.0,False
0.0,1.0,1.0,0.0,[1. 1. 1.],[1. 1. 1.],[1. 1. 1.],[0. 0. 0.],[0. 0. 0.],[0. 0. 0.],[1. 0. 0.],0,0.0,1.0,1.0,0.0,[1. 1. 1.],[1. 1. 1.],[1. 1. 1.],[0. 0. 0.],[0. 0. 0.],[0. 0. 0.],[1. 0. 0.],-0.0,0,0,0,0.0,-0.0,False
0.0,1.0,1.0,0.0,[1. 1. 1.],[1. 1. 1.],[1. 1. 1.],[0. 0. 0.],[0. 0. 0.],[0. 0. 0.],[1. 0. 0.],0,0.0,1.0,1.0,0.0,[1. 1. 1.],[1. 1. 1.],[1. 1. 1.],[0. 0. 0.],[0. 0. 0.],[0. 0. 0.],[1. 0. 0.],-0.0,0,0,0,0.0,-0.0,False
0.0,1.0,1.0,0.0,[1. 1. 1.],[1. 1. 1.],[1. 1. 1.],[0. 0. 0.],[0. 0. 0.],[0. 0. 0.],[1. 0. 0.],0,0.0,1.0,1.0,0.0,[1. 1. 1.],[1. 1. 1.],[1. 1. 1.],[0. 0. 0.],[0. 0. 0.],[0. 0. 0.],[1. 0. 0.],-0.0,0,0,0,0.0,-0.0,False
0.0,1.0,1.0,0.0,[1. 1. 1.],[1. 1. 1.],[1. 1. 1.],[0. 0. 0.],[0. 0. 0.],[0. 0. 0.],[1. 0. 0.],0,0.0,1.0,1.0,0.0,[1. 1. 1.],[1. 1. 1.],[1. 1. 1.],[0. 0. 0.],[0. 0. 0.],[0. 0. 0.],[1. 0. 0.],-0.0,0,0,0,0.0,-0.0,False
0.0,1.0,1.0,0.0,[1. 1. 1.],[1. 1. 1.],[1. 1. 1.],[0. 0. 0.],[0. 0. 0.],[0. 0. 0.],[1. 0. 0.],0,0.0,1.0,1.0,0.0,[1. 1. 1.],[1. 1. 1.],[1. 1. 1.],[0. 0. 0.],[0. 0. 0.],[0. 0. 0.],[1. 0. 0.],-0.0,0,0,0,0.0,-0.0,False
0.0,1.0,1.0,0.0,[1. 1. 1.],[1. 1. 1.],[1. 1. 1.],[0. 0. 0.],[0. 0. 0.],[0. 0. 0.],[1. 0. 0.],0,0.0,1.0,1.0,0.0,[1. 1. 1.],[1. 1. 1.],[1. 1. 1.],[0. 0. 0.],[0. 0. 0.],[0. 0. 0.],[1. 0. 0.],-0.0,0,0,0,0.0,-0.0,False
0.0,1.0,1.0,0.0,[1. 1. 1.],[1. 1. 1.],[1. 1. 1.],[0. 0. 0.],[0. 0. 0.],[0. 0. 0.],[1. 0. 0.],0,0.0,1.0,1.0,0.0,[1. 1. 1.],[1. 1. 1.],[1. 1. 1.],[0. 0. 0.],[0. 0. 0.],[0. 0. 0.],[1. 0. 0.],-0.0,0,0,0,0.0,-0.0,False
0.0,1.0,1.0,0.0,[1. 1. 1.],[1. 1. 1.],[1. 1. 1.],[0. 0. 0.],[0. 0. 0.],[0. 0. 0.],[1. 0. 0.],0,0.0,1.0,1.0,0.0,[1. 1. 1.],[1. 1. 1.],[1. 1. 1.],[0. 0. 0.],[0. 0. 0.],[0. 0. 0.],[1. 0. 0.],-0.0,0,0,0,0.0,-0.0,False
0.0,1.0,1.0,0.0,[1. 1. 1.],[1. 1. 1.],[1. 1. 1.],[0. 0. 0.],[0. 0. 0.],[0. 0. 0.],[1. 0. 0.],0,0.0,1.0,1.0,0.0,[1. 1. 1.],[1. 1. 1.],[1. 1. 1.],[0. 0. 0.],[0. 0. 0.],[0. 0. 0.],[1. 0. 0.],-0.0,0,0,0,0.0,-0.0,False
0.0,1.0,1.0,0.0,[1. 1. 1.],[1. 1. 1.],[1. 1. 1.],[0. 0. 0.],[0. 0. 0.],[0. 0. 0.],[1. 0. 0.],0,0.0,1.0,1.0,0.0,[1. 1. 1.],[1. 1. 1.],[1. 1. 1.],[0. 0. 0.],[0. 0. 0.],[0. 0. 0.],[1. 0. 0.],-0.0,0,0,0,0.0,-0.0,False
0.0,1.0,1.0,0.0,[1. 1. 1.],[1. 1. 1.],[1. 1. 1.],[0. 0. 0.],[0. 0. 0.],[0. 0. 0.],[1. 0. 0.],0,0.0,1.0,1.0,0.0,[1. 1. 1.],[1. 1. 1.],[1. 1. 1.],[0. 0. 0.],[0. 0. 0.],[0. 0. 0.],[1. 0. 0.],-0.0,0,0,0,0.0,-0.0,False
0.0,1.0,1.0,0.0,[1. 1. 1.],[1. 1. 1.],[1. 1. 1.],[0. 0. 0.],[0. 0. 0.],[0. 0. 0.],[1. 0. 0.],0,0.0,1.0,1.0,0.0,[1. 1. 1.],[1. 1. 1.],[1. 1. 1.],[0. 0. 0.],[0. 0. 0.],[0. 0. 0.],[1. 0. 0.],-0.0,0,0,0,0.0,-0.0,False
0.0,1.0,1.0,0.0,[1. 1. 1.],[1. 1. 1.],[1. 1. 1.],[0. 0. 0.],[0. 0. 0.],[0. 0. 0.],[1. 0. 0.],0,0.0,1.0,1.0,0.0,[1. 1. 1.],[1. 1. 1.],[1. 1. 1.],[0. 0. 0.],[0. 0. 0.],[0. 0. 0.],[1. 0. 0.],-0.0,0,0,0,0.0,-0.0,False
0.0,1.0,1.0,0.0,[1. 1. 1.],[1. 1. 1.],[1. 1. 1.],[0. 0. 0.],[0. 0. 0.],[0. 0. 0.],[1. 0. 0.],0,0.0,1.0,1.0,0.0,[1. 1. 1.],[1. 1. 1.],[1. 1. 1.],[0. 0. 0.],[0. 0. 0.],[0. 0. 0.],[1. 0. 0.],-0.0,0,0,0,0.0,-0.0,False
0.0,1.0,1.0,0.0,[1. 1. 1.],[1. 1. 1.],[1. 1. 1.],[0. 0. 0.],[0. 0. 0.],[0. 0. 0.],[1. 0. 0.],0,0.0,1.0,1.0,0.0,[1. 1. 1.],[1. 1. 1.],[1. 1. 1.],[0. 0. 0.],[0. 0. 0.],[0. 0. 0.],[1. 0. 0.],-0.0,0,0,0,0.0,-0.0,False
0.0,1.0,1.0,0.0,[1. 1. 1.],[1. 1. 1.],[1. 1. 1.],[0. 0. 0.],[0. 0. 0.],[0. 0. 0.],[1. 0. 0.],0,0.0,1.0,1.0,0.0,[1. 1. 1.],[1. 1. 1.],[1. 1. 1.],[0. 0. 0.],[0. 0. 0.],[0. 0. 0.],[1. 0. 0.],-0.0,0,0,0,0.0,-0.0,False
0.0,1.0,1.0,0.0,[1. 1. 1.],[1. 1. 1.],[1. 1. 1.],[0. 0. 0.],[0. 0. 0.],[0. 0. 0.],[1. 0. 0.],0,0.0,1.0,1.0,0.0,[1. 1. 1.],[1. 1. 1.],[1. 1. 1.],[0. 0. 0.],[0. 0. 0.],[0. 0. 0.],[1. 0. 0.],-0.0,0,0,0,0.0,-0.0,False
0.0,1.0,1.0,0.0,[1. 1. 1.],[1. 1. 1.],[1. 1. 1.],[0. 0. 0.],[0. 0. 0.],[0. 0. 0.],[1. 0. 0.],0,0.0,1.0,1.0,0.0,[1. 1. 1.],[1. 1. 1.],[1. 1. 1.],[0. 0. 0.],[0. 0. 0.],[0. 0. 0.],[1. 0. 0.],-0.0,0,0,0,0.0,-0.0,False
0.0,1.0,1.0,0.0,[1. 1. 1.],[1. 1. 1.],[1. 1. 1.],[0. 0. 0.],[0. 0. 0.],[0. 0. 0.],[1. 0. 0.],0,0.0,1.0,1.0,0.0,[1. 1. 1.],[1. 1. 1.],[1. 1. 1.],[0. 0. 0.],[0. 0. 0.],[0. 0. 0.],[1. 0. 0.],-0.0,0,0,0,0.0,-0.0,False
0.0,1.0,1.0,0.0,[1. 1. 1.],[1. 1. 1.],[1. 1. 1.],[0. 0. 0.],[0. 0. 0.],[0. 0. 0.],[1. 0. 0.],0,0.0,1.0,1.0,0.0,[1. 1. 1.],[1. 1. 1.],[1. 1. 1.],[0. 0. 0.],[0. 0. 0.],[0. 0. 0.],[1. 0. 0.],-0.0,0,0,0,0.0,-0.0,False
0.0,1.0,1.0,0.0,[1. 1. 1.],[1. 1. 1.],[1. 1. 1.],[0. 0. 0.],[0. 0. 0.],[0. 0. 0.],[1. 0. 0.],0,0.0,1.0,1.0,0.0,[1. 1. 1.],[1. 1. 1.],[1. 1. 1.],[0. 0. 0.],[0. 0. 0.],[0. 0. 0.],[1. 0. 0.],-0.0,0,0,0,0.0,-0.0,False
0.0,1.0,1.0,0.0,[1. 1. 1.],[1. 1. 1.],[1. 1. 1.],[0. 0. 0.],[0. 0. 0.],[0. 0. 0.],[1. 0. 0.],0,0.0,1.0,1.0,0.0,[1. 1. 1.],[1. 1. 1.],[1. 1. 1.],[0. 0. 0.],[0. 0. 0.],[0. 0. 0.],[1. 0. 0.],-0.0,0,0,0,0.0,-0.0,False
0.0,1.0,1.0,0.0,[1. 1. 1.],[1. 1. 1.],[1. 1. 1.],[0. 0. 0.],[0. 0. 0.],[0. 0. 0.],[1. 0. 0.],0,0.0,1.0,1.0,0.0,[1. 1. 1.],[1. 1. 1.],[1. 1. 1.],[0. 0. 0.],[0. 0. 0.],[0. 0. 0.],[1. 0. 0.],-0.0,0,0,0,0.0,-0.0,False
0.0,1.0,1.0,0.0,[1. 1. 1.],[1. 1. 1.],[1. 1. 1.],[0. 0. 0.],[0. 0. 0.],[0. 0. 0.],[1. 0. 0.],0,0.0,1.0,1.0,0.0,[1. 1. 1.],[1. 1. 1.],[1. 1. 1.],[0. 0. 0.],[0. 0. 0.],[0. 0. 0.],[1. 0. 0.],-0.0,0,0,0,0.0,-0.0,False
0.0,1.0,1.0,0.0,[1. 1. 1.],[1. 1. 1.],[1. 1. 1.],[0. 0. 0.],[0. 0. 0.],[0. 0. 0.],[1. 0. 0.],0,0.0,1.0,1.0,0.0,[1. 1. 1.],[1. 1. 1.],[1. 1. 1.],[0. 0. 0.],[0. 0. 0.],[0. 0. 0.],[1. 0. 0.],-0.0,0,0,0,0.0,-0.0,False
0.0,1.0,1.0,0.0,[1. 1. 1.],[1. 1. 1.],[1. 1. 1.],[0. 0. 0.],[0. 0. 0.],[0. 0. 0.],[1. 0. 0.],0,0.0,1.0,1.0,0.0,[1. 1. 1.],[1. 1. 1.],[1. 1. 1.],[0. 0. 0.],[0. 0. 0.],[0. 0. 0.],[1. 0. 0.],-0.0,0,0,0,0.0,-0.0,False
0.0,1.0,1.0,0.0,[1. 1. 1.],[1. 1. 1.],[1. 1. 1.],[0. 0. 0.],[0. 0. 0.],[0. 0. 0.],[1. 0. 0.],0,0.0,1.0,1.0,0.0,[1. 1. 1.],[1. 1. 1.],[1. 1. 1.],[0. 0. 0.],[0. 0. 0.],[0. 0. 0.],[1. 0. 0.],-0.0,0,0,0,0.0,-0.0,False
0.0,1.0,1.0,0.0,[1. 1. 1.],[1. 1. 1.],[1. 1. 1.],[0. 0. 0.],[0. 0. 0.],[0. 0. 0.],[1. 0. 0.],0,0.0,1.0,1.0,0.0,[1. 1. 1.],[1. 1. 1.],[1. 1. 1.],[0. 0. 0.],[0. 0. 0.],[0. 0. 0.],[1. 0. 0.],-0.0,0,0,0,0.0,-0.0,False
0.0,1.0,1.0,0.0,[1. 1. 1.],[1. 1. 1.],[1. 1. 1.],[0. 0. 0.],[0. 0. 0.],[0. 0. 0.],[1. 0. 0.],0,0.0,1.0,1.0,0.0,[1. 1. 1.],[1. 1. 1.],[1. 1. 1.],[0. 0. 0.],[0. 0. 0.],[0. 0. 0.],[1. 0. 0.],-0.0,0,0,0,0.0,-0.0,False
0.0,1.0,1.0,0.0,[1. 1. 1.],[1. 1. 1.],[1. 1. 1.],[0. 0. 0.],[0. 0. 0.],[0. 0. 0.],[1. 0. 0.],0,0.0,1.0,1.0,0.0,[1. 1. 1.],[1. 1. 1.],[1. 1. 1.],[0. 0. 0.],[0. 0. 0.],[0. 0. 0.],[1. 0. 0.],-0.0,0,0,0,0.0,-0.0,False
0.0,1.0,1.0,0.0,[1. 1. 1.],[1. 1. 1.],[1. 1. 1.],[0. 0. 0.],[0. 0. 0.],[0. 0. 0.],[1. 0. 0.],0,0.0,1.0,1.0,0.0,[1. 1. 1.],[1. 1. 1.],[1. 1. 1.],[0. 0. 0.],[0. 0. 0.],[0. 0. 0.],[1. 0. 0.],-0.0,0,0,0,0.0,-0.0,False
0.0,1.0,1.0,0.0,[1. 1. 1.],[1. 1. 1.],[1. 1. 1.],[0. 0. 0.],[0. 0. 0.],[0. 0. 0.],[1. 0. 0.],0,0.0,1.0,1.0,0.0,[1. 1. 1.],[1. 1. 1.],[1. 1. 1.],[0. 0. 0.],[0. 0. 0.],[0. 0. 0.],[1. 0. 0.],-0.0,0,0,0,0.0,-0.0,False
0.0,1.0,1.0,0.0,[1. 1. 1.],[1. 1. 1.],[1. 1. 1.],[0. 0. 0.],[0. 0. 0.],[0. 0. 0.],[1. 0. 0.],0,0.0,1.0,1.0,0.0,[1. 1. 1.],[1. 1. 1.],[1. 1. 1.],[0. 0. 0.],[0. 0. 0.],[0. 0. 0.],[1. 0. 0.],-0.0,0,0,0,0.0,-0.0,False
0.0,1.0,1.0,0.0,[1. 1. 1.],[1. 1. 1.],[1. 1. 1.],[0. 0. 0.],[0. 0. 0.],[0. 0. 0.],[1. 0. 0.],0,0.0,1.0,1.0,0.0,[1. 1. 1.],[1. 1. 1.],[1. 1. 1.],[0. 0. 0.],[0. 0. 0.],[0. 0. 0.],[1. 0. 0.],-0.0,0,0,0,0.0,-0.0,False
0.0,1.0,1.0,0.0,[1. 1. 1.],[1. 1. 1.],[1. 1. 1.],[0. 0. 0.],[0. 0. 0.],[0. 0. 0.],[1. 0. 0.],0,0.0,1.0,1.0,0.0,[1. 1. 1.],[1. 1. 1.],[1. 1. 1.],[0. 0. 0.],[0. 0. 0.],[0. 0. 0.],[1. 0. 0.],-0.0,0,0,0,0.0,-0.0,False
0.0,1.0,1.0,0.0,[1. 1. 1.],[1. 1. 1.],[1. 1. 1.],[0. 0. 0.],[0. 0. 0.],[0. 0. 0.],[1. 0. 0.],0,0.0,1.0,1.0,0.0,[1. 1. 1.],[1. 1. 1.],[1. 1. 1.],[0. 0. 0.],[0. 0. 0.],[0. 0. 0.],[1. 0. 0.],-0.0,0,0,0,0.0,-0.0,False
0.0,1.0,1.0,0.0,[1. 1. 1.],[1. 1. 1.],[1. 1. 1.],[0. 0. 0.],[0. 0. 0.],[0. 0. 0.],[1. 0. 0.],0,0.0,1.0,1.0,0.0,[1. 1. 1.],[1. 1. 1.],[1. 1. 1.],[0. 0. 0.],[0. 0. 0.],[0. 0. 0.],[1. 0. 0.],-0.0,0,0,0,0.0,-0.0,False
0.0,1.0,1.0,0.0,[1. 1. 1.],[1. 1. 1.],[1. 1. 1.],[0. 0. 0.],[0. 0. 0.],[0. 0. 0.],[1. 0. 0.],0,0.0,1.0,1.0,0.0,[1. 1. 1.],[1. 1. 1.],[1. 1. 1.],[0. 0. 0.],[0. 0. 0.],[0. 0. 0.],[1. 0. 0.],-0.0,0,0,0,0.0,-0.0,False
0.0,1.0,1.0,0.0,[1. 1. 1.],[1. 1. 1.],[1. 1. 1.],[0. 0. 0.],[0. 0. 0.],[0. 0. 0.],[1. 0. 0.],0,0.0,1.0,1.0,0.0,[1. 1. 1.],[1. 1. 1.],[1. 1. 1.],[0. 0. 0.],[0. 0. 0.],[0. 0. 0.],[1. 0. 0.],-0.0,0,0,0,0.0,-0.0,False
0.0,1.0,1.0,0.0,[1. 1. 1.],[1. 1. 1.],[1. 1. 1.],[0. 0. 0.],[0. 0. 0.],[0. 0. 0.],[1. 0. 0.],0,0.0,1.0,1.0,0.0,[1. 1. 1.],[1. 1. 1.],[1. 1. 1.],[0. 0. 0.],[0. 0. 0.],[0. 0. 0.],[1. 0. 0.],-0.0,0,0,0,0.0,-0.0,False
0.0,1.0,1.0,0.0,[1. 1. 1.],[1. 1. 1.],[1. 1. 1.],[0. 0. 0.],[0. 0. 0.],[0. 0. 0.],[1. 0. 0.],0,0.0,1.0,1.0,0.0,[1. 1. 1.],[1. 1. 1.],[1. 1. 1.],[0. 0. 0.],[0. 0. 0.],[0. 0. 0.],[1. 0. 0.],-0.0,0,0,0,0.0,-0.0,False
0.0,1.0,1.0,0.0,[1. 1. 1.],[1. 1. 1.],[1. 1. 1.],[0. 0. 0.],[0. 0. 0.],[0. 0. 0.],[1. 0. 0.],0,0.0,1.0,1.0,0.0,[1. 1. 1.],[1. 1. 1.],[1. 1. 1.],[0. 0. 0.],[0. 0. 0.],[0. 0. 0.],[1. 0. 0.],-0.0,0,0,0,0.0,-0.0,False
0.0,1.0,1.0,0.0,[1. 1. 1.],[1. 1. 1.],[1. 1. 1.],[0. 0. 0.],[0. 0. 0.],[0. 0. 0.],[1. 0. 0.],0,0.0,1.0,1.0,0.0,[1. 1. 1.],[1. 1. 1.],[1. 1. 1.],[0. 0. 0.],[0. 0. 0.],[0. 0. 0.],[1. 0. 0.],-0.0,0,0,0,0.0,-0.0,False
0.0,1.0,1.0,0.0,[1. 1. 1.],[1. 1. 1.],[1. 1. 1.],[0. 0. 0.],[0. 0. 0.],[0. 0. 0.],[1. 0. 0.],0,0.0,1.0,1.0,0.0,[1. 1. 1.],[1. 1. 1.],[1. 1. 1.],[0. 0. 0.],[0. 0. 0.],[0. 0. 0.],[1. 0. 0.],-0.0,0,0,0,0.0,-0.0,False
0.0,1.0,1.0,0.0,[1. 1. 1.],[1. 1. 1.],[1. 1. 1.],[0. 0. 0.],[0. 0. 0.],[0. 0. 0.],[1. 0. 0.],0,0.0,1.0,1.0,0.0,[1. 1. 1.],[1. 1. 1.],[1. 1. 1.],[0. 0. 0.],[0. 0. 0.],[0. 0. 0.],[1. 0. 0.],-0.0,0,0,0,0.0,-0.0,False
0.0,1.0,1.0,0.0,[1. 1. 1.],[1. 1. 1.],[1. 1. 1.],[0. 0. 0.],[0. 0. 0.],[0. 0. 0.],[1. 0. 0.],0,0.0,1.0,1.0,0.0,[1. 1. 1.],[1. 1. 1.],[1. 1. 1.],[0. 0. 0.],[0. 0. 0.],[0. 0. 0.],[1. 0. 0.],-0.0,0,0,0,0.0,-0.0,False
0.0,1.0,1.0,0.0,[1. 1. 1.],[1. 1. 1.],[1. 1. 1.],[0. 0. 0.],[0. 0. 0.],[0. 0. 0.],[1. 0. 0.],0,0.0,1.0,1.0,0.0,[1. 1. 1.],[1. 1. 1.],[1. 1. 1.],[0. 0. 0.],[0. 0. 0.],[0. 0. 0.],[1. 0. 0.],-0.0,0,0,0,0.0,-0.0,False
0.0,1.0,1.0,0.0,[1. 1. 1.],[1. 1. 1.],[1. 1. 1.],[0. 0. 0.],[0. 0. 0.],[0. 0. 0.],[1. 0. 0.],0,0.0,1.0,1.0,0.0,[1. 1. 1.],[1. 1. 1.],[1. 1. 1.],[0. 0. 0.],[0. 0. 0.],[0. 0. 0.],[1. 0. 0.],-0.0,0,0,0,0.0,-0.0,False
0.0,1.0,1.0,0.0,[1. 1. 1.],[1. 1. 1.],[1. 1. 1.],[0. 0. 0.],[0. 0. 0.],[0. 0. 0.],[1. 0. 0.],0,0.0,1.0,1.0,0.0,[1. 1. 1.],[1. 1. 1.],[1. 1. 1.],[0. 0. 0.],[0. 0. 0.],[0. 0. 0.],[1. 0. 0.],-0.0,0,0,0,0.0,-0.0,False
0.0,1.0,1.0,0.0,[1. 1. 1.],[1. 1. 1.],[1. 1. 1.],[0. 0. 0.],[0. 0. 0.],[0. 0. 0.],[1. 0. 0.],0,0.0,1.0,1.0,0.0,[1. 1. 1.],[1. 1. 1.],[1. 1. 1.],[0. 0. 0.],[0. 0. 0.],[0. 0. 0.],[1. 0. 0.],-0.0,0,0,0,0.0,-0.0,False
0.0,1.0,1.0,0.0,[1. 1. 1.],[1. 1. 1.],[1. 1. 1.],[0. 0. 0.],[0. 0. 0.],[0. 0. 0.],[1. 0. 0.],0,0.0,1.0,1.0,0.0,[1. 1. 1.],[1. 1. 1.],[1. 1. 1.],[0. 0. 0.],[0. 0. 0.],[0. 0. 0.],[1. 0. 0.],-0.0,0,0,0,0.0,-0.0,False
0.0,1.0,1.0,0.0,[1. 1. 1.],[1. 1. 1.],[1. 1. 1.],[0. 0. 0.],[0. 0. 0.],[0. 0. 0.],[1. 0. 0.],0,0.0,1.0,1.0,0.0,[1. 1. 1.],[1. 1. 1.],[1. 1. 1.],[0. 0. 0.],[0. 0. 0.],[0. 0. 0.],[1. 0. 0.],-0.0,0,0,0,0.0,-0.0,False
0.0,1.0,1.0,0.0,[1. 1. 1.],[1. 1. 1.],[1. 1. 1.],[0. 0. 0.],[0. 0. 0.],[0. 0. 0.],[1. 0. 0.],0,0.0,1.0,1.0,0.0,[1. 1. 1.],[1. 1. 1.],[1. 1. 1.],[0. 0. 0.],[0. 0. 0.],[0. 0. 0.],[1. 0. 0.],-0.0,0,0,0,0.0,-0.0,False
0.0,1.0,1.0,0.0,[1. 1. 1.],[1. 1. 1.],[1. 1. 1.],[0. 0. 0.],[0. 0. 0.],[0. 0. 0.],[1. 0. 0.],0,0.0,1.0,1.0,0.0,[1. 1. 1.],[1. 1. 1.],[1. 1. 1.],[0. 0. 0.],[0. 0. 0.],[0. 0. 0.],[1. 0. 0.],-0.0,0,0,0,0.0,-0.0,False
0.0,1.0,1.0,0.0,[1. 1. 1.],[1. 1. 1.],[1. 1. 1.],[0. 0. 0.],[0. 0. 0.],[0. 0. 0.],[1. 0. 0.],0,0.0,1.0,1.0,0.0,[1. 1. 1.],[1. 1. 1.],[1. 1. 1.],[0. 0. 0.],[0. 0. 0.],[0. 0. 0.],[1. 0. 0.],-0.0,0,0,0,0.0,-0.0,False
0.0,1.0,1.0,0.0,[1. 1. 1.],[1. 1. 1.],[1. 1. 1.],[0. 0. 0.],[0. 0. 0.],[0. 0. 0.],[1. 0. 0.],0,0.0,1.0,1.0,0.0,[1. 1. 1.],[1. 1. 1.],[1. 1. 1.],[0. 0. 0.],[0. 0. 0.],[0. 0. 0.],[1. 0. 0.],-0.0,0,0,0,0.0,-0.0,False
0.0,1.0,1.0,0.0,[1. 1. 1.],[1. 1. 1.],[1. 1. 1.],[0. 0. 0.],[0. 0. 0.],[0. 0. 0.],[1. 0. 0.],0,0.0,1.0,1.0,0.0,[1. 1. 1.],[1. 1. 1.],[1. 1. 1.],[0. 0. 0.],[0. 0. 0.],[0. 0. 0.],[1. 0. 0.],-0.0,0,0,0,0.0,-0.0,False
0.0,1.0,1.0,0.0,[1. 1. 1.],[1. 1. 1.],[1. 1. 1.],[0. 0. 0.],[0. 0. 0.],[0. 0. 0.],[1. 0. 0.],0,0.0,1.0,1.0,0.0,[1. 1. 1.],[1. 1. 1.],[1. 1. 1.],[0. 0. 0.],[0. 0. 0.],[0. 0. 0.],[1. 0. 0.],-0.0,0,0,0,0.0,-0.0,False
0.0,1.0,1.0,0.0,[1. 1. 1.],[1. 1. 1.],[1. 1. 1.],[0. 0. 0.],[0. 0. 0.],[0. 0. 0.],[1. 0. 0.],0,0.0,1.0,1.0,0.0,[1. 1. 1.],[1. 1. 1.],[1. 1. 1.],[0. 0. 0.],[0. 0. 0.],[0. 0. 0.],[1. 0. 0.],-0.0,0,0,0,0.0,-0.0,False
0.0,1.0,1.0,0.0,[1. 1. 1.],[1. 1. 1.],[1. 1. 1.],[0. 0. 0.],[0. 0. 0.],[0. 0. 0.],[1. 0. 0.],0,0.0,1.0,1.0,0.0,[1. 1. 1.],[1. 1. 1.],[1. 1. 1.],[0. 0. 0.],[0. 0. 0.],[0. 0. 0.],[1. 0. 0.],-0.0,0,0,0,0.0,-0.0,False
0.0,1.0,1.0,0.0,[1. 1. 1.],[1. 1. 1.],[1. 1. 1.],[0. 0. 0.],[0. 0. 0.],[0. 0. 0.],[1. 0. 0.],0,0.0,1.0,1.0,0.0,[1. 1. 1.],[1. 1. 1.],[1. 1. 1.],[0. 0. 0.],[0. 0. 0.],[0. 0. 0.],[1. 0. 0.],-0.0,0,0,0,0.0,-0.0,False
0.0,1.0,1.0,0.0,[1. 1. 1.],[1. 1. 1.],[1. 1. 1.],[0. 0. 0.],[0. 0. 0.],[0. 0. 0.],[1. 0. 0.],0,0.0,1.0,1.0,0.0,[1. 1. 1.],[1. 1. 1.],[1. 1. 1.],[0. 0. 0.],[0. 0. 0.],[0. 0. 0.],[1. 0. 0.],-0.0,0,0,0,0.0,-0.0,False
0.0,1.0,1.0,0.0,[1. 1. 1.],[1. 1. 1.],[1. 1. 1.],[0. 0. 0.],[0. 0. 0.],[0. 0. 0.],[1. 0. 0.],0,0.0,1.0,1.0,0.0,[1. 1. 1.],[1. 1. 1.],[1. 1. 1.],[0. 0. 0.],[0. 0. 0.],[0. 0. 0.],[1. 0. 0.],-0.0,0,0,0,0.0,-0.0,False
0.0,1.0,1.0,0.0,[1. 1. 1.],[1. 1. 1.],[1. 1. 1.],[0. 0. 0.],[0. 0. 0.],[0. 0. 0.],[1. 0. 0.],0,0.0,1.0,1.0,0.0,[1. 1. 1.],[1. 1. 1.],[1. 1. 1.],[0. 0. 0.],[0. 0. 0.],[0. 0. 0.],[1. 0. 0.],-0.0,0,0,0,0.0,-0.0,False
0.0,1.0,1.0,0.0,[1. 1. 1.],[1. 1. 1.],[1. 1. 1.],[0. 0. 0.],[0. 0. 0.],[0. 0. 0.],[1. 0. 0.],0,0.0,1.0,1.0,0.0,[1. 1. 1.],[1. 1. 1.],[1. 1. 1.],[0. 0. 0.],[0. 0. 0.],[0. 0. 0.],[1. 0. 0.],-0.0,0,0,0,0.0,-0.0,False
0.0,1.0,1.0,0.0,[1. 1. 1.],[1. 1. 1.],[1. 1. 1.],[0. 0. 0.],[0. 0. 0.],[0. 0. 0.],[1. 0. 0.],0,0.0,1.0,1.0,0.0,[1. 1. 1.],[1. 1. 1.],[1. 1. 1.],[0. 0. 0.],[0. 0. 0.],[0. 0. 0.],[1. 0. 0.],-0.0,0,0,0,0.0,-0.0,False
0.0,1.0,1.0,0.0,[1. 1. 1.],[1. 1. 1.],[1. 1. 1.],[0. 0. 0.],[0. 0. 0.],[0. 0. 0.],[1. 0. 0.],0,0.0,1.0,1.0,0.0,[1. 1. 1.],[1. 1. 1.],[1. 1. 1.],[0. 0. 0.],[0. 0. 0.],[0. 0. 0.],[1. 0. 0.],-0.0,0,0,0,0.0,-0.0,False
0.0,1.0,1.0,0.0,[1. 1. 1.],[1. 1. 1.],[1. 1. 1.],[0. 0. 0.],[0. 0. 0.],[0. 0. 0.],[1. 0. 0.],0,0.0,1.0,1.0,0.0,[1. 1. 1.],[1. 1. 1.],[1. 1. 1.],[0. 0. 0.],[0. 0. 0.],[0. 0. 0.],[1. 0. 0.],-0.0,0,0,0,0.0,-0.0,False
0.0,1.0,1.0,0.0,[1. 1. 1.],[1. 1. 1.],[1. 1. 1.],[0. 0. 0.],[0. 0. 0.],[0. 0. 0.],[1. 0. 0.],0,0.0,1.0,1.0,0.0,[1. 1. 1.],[1. 1. 1.],[1. 1. 1.],[0. 0. 0.],[0. 0. 0.],[0. 0. 0.],[1. 0. 0.],-0.0,0,0,0,0.0,-0.0,False
0.0,1.0,1.0,0.0,[1. 1. 1.],[1. 1. 1.],[1. 1. 1.],[0. 0. 0.],[0. 0. 0.],[0. 0. 0.],[1. 0. 0.],0,0.0,1.0,1.0,0.0,[1. 1. 1.],[1. 1. 1.],[1. 1. 1.],[0. 0. 0.],[0. 0. 0.],[0. 0. 0.],[1. 0. 0.],-0.0,0,0,0,0.0,-0.0,False
0.0,1.0,1.0,0.0,[1. 1. 1.],[1. 1. 1.],[1. 1. 1.],[0. 0. 0.],[0. 0. 0.],[0. 0. 0.],[1. 0. 0.],0,0.0,1.0,1.0,0.0,[1. 1. 1.],[1. 1. 1.],[1. 1. 1.],[0. 0. 0.],[0. 0. 0.],[0. 0. 0.],[1. 0. 0.],-0.0,0,0,0,0.0,-0.0,False
0.0,1.0,1.0,0.0,[1. 1. 1.],[1. 1. 1.],[1. 1. 1.],[0. 0. 0.],[0. 0. 0.],[0. 0. 0.],[1. 0. 0.],0,0.0,1.0,1.0,0.0,[1. 1. 1.],[1. 1. 1.],[1. 1. 1.],[0. 0. 0.],[0. 0. 0.],[0. 0. 0.],[1. 0. 0.],-0.0,0,0,0,0.0,-0.0,False
0.0,1.0,1.0,0.0,[1. 1. 1.],[1. 1. 1.],[1. 1. 1.],[0. 0. 0.],[0. 0. 0.],[0. 0. 0.],[1. 0. 0.],0,0.0,1.0,1.0,0.0,[1. 1. 1.],[1. 1. 1.],[1. 1. 1.],[0. 0. 0.],[0. 0. 0.],[0. 0. 0.],[1. 0. 0.],-0.0,0,0,0,0.0,-0.0,False
0.0,1.0,1.0,0.0,[1. 1. 1.],[1. 1. 1.],[1. 1. 1.],[0. 0. 0.],[0. 0. 0.],[0. 0. 0.],[1. 0. 0.],0,0.0,1.0,1.0,0.0,[1. 1. 1.],[1. 1. 1.],[1. 1. 1.],[0. 0. 0.],[0. 0. 0.],[0. 0. 0.],[1. 0. 0.],-0.0,0,0,0,0.0,-0.0,False
0.0,1.0,1.0,0.0,[1. 1. 1.],[1. 1. 1.],[1. 1. 1.],[0. 0. 0.],[0. 0. 0.],[0. 0. 0.],[1. 0. 0.],0,0.0,1.0,1.0,0.0,[1. 1. 1.],[1. 1. 1.],[1. 1. 1.],[0. 0. 0.],[0. 0. 0.],[0. 0. 0.],[1. 0. 0.],-0.0,0,0,0,0.0,-0.0,False
0.0,1.0,1.0,0.0,[1. 1. 1.],[1. 1. 1.],[1. 1. 1.],[0. 0. 0.],[0. 0. 0.],[0. 0. 0.],[1. 0. 0.],0,0.0,1.0,1.0,0.0,[1. 1. 1.],[1. 1. 1.],[1. 1. 1.],[0. 0. 0.],[0. 0. 0.],[0. 0. 0.],[1. 0. 0.],-0.0,0,0,0,0.0,-0.0,False
0.0,1.0,1.0,0.0,[1. 1. 1.],[1. 1. 1.],[1. 1. 1.],[0. 0. 0.],[0. 0. 0.],[0. 0. 0.],[1. 0. 0.],0,0.0,1.0,1.0,0.0,[1. 1. 1.],[1. 1. 1.],[1. 1. 1.],[0. 0. 0.],[0. 0. 0.],[0. 0. 0.],[1. 0. 0.],-0.0,0,0,0,0.0,-0.0,False
0.0,1.0,1.0,0.0,[1. 1. 1.],[1. 1. 1.],[1. 1. 1.],[0. 0. 0.],[0. 0. 0.],[0. 0. 0.],[1. 0. 0.],0,0.0,1.0,1.0,0.0,[1. 1. 1.],[1. 1. 1.],[1. 1. 1.],[0. 0. 0.],[0. 0. 0.],[0. 0. 0.],[1. 0. 0.],-0.0,0,0,0,0.0,-0.0,False
0.0,1.0,1.0,0.0,[1. 1. 1.],[1. 1. 1.],[1. 1. 1.],[0. 0. 0.],[0. 0. 0.],[0. 0. 0.],[1. 0. 0.],0,0.0,1.0,1.0,0.0,[1. 1. 1.],[1. 1. 1.],[1. 1. 1.],[0. 0. 0.],[0. 0. 0.],[0. 0. 0.],[1. 0. 0.],-0.0,0,0,0,0.0,-0.0,False
0.0,1.0,1.0,0.0,[1. 1. 1.],[1. 1. 1.],[1. 1. 1.],[0. 0. 0.],[0. 0. 0.],[0. 0. 0.],[1. 0. 0.],0,0.0,1.0,1.0,0.0,[1. 1. 1.],[1. 1. 1.],[1. 1. 1.],[0. 0. 0.],[0. 0. 0.],[0. 0. 0.],[1. 0. 0.],-0.0,0,0,0,0.0,-0.0,False
0.0,1.0,1.0,0.0,[1. 1. 1.],[1. 1. 1.],[1. 1. 1.],[0. 0. 0.],[0. 0. 0.],[0. 0. 0.],[1. 0. 0.],0,0.0,1.0,1.0,0.0,[1. 1. 1.],[1. 1. 1.],[1. 1. 1.],[0. 0. 0.],[0. 0. 0.],[0. 0. 0.],[1. 0. 0.],-0.0,0,0,0,0.0,-0.0,False
0.0,1.0,1.0,0.0,[1. 1. 1.],[1. 1. 1.],[1. 1. 1.],[0. 0. 0.],[0. 0. 0.],[0. 0. 0.],[1. 0. 0.],0,0.0,1.0,1.0,0.0,[1. 1. 1.],[1. 1. 1.],[1. 1. 1.],[0. 0. 0.],[0. 0. 0.],[0. 0. 0.],[1. 0. 0.],-0.0,0,0,0,0.0,-0.0,False
0.0,1.0,1.0,0.0,[1. 1. 1.],[1. 1. 1.],[1. 1. 1.],[0. 0. 0.],[0. 0. 0.],[0. 0. 0.],[1. 0. 0.],0,0.0,1.0,1.0,0.0,[1. 1. 1.],[1. 1. 1.],[1. 1. 1.],[0. 0. 0.],[0. 0. 0.],[0. 0. 0.],[1. 0. 0.],-0.0,0,0,0,0.0,-0.0,False
0.0,1.0,1.0,0.0,[1. 1. 1.],[1. 1. 1.],[1. 1. 1.],[0. 0. 0.],[0. 0. 0.],[0. 0. 0.],[1. 0. 0.],0,0.0,1.0,1.0,0.0,[1. 1. 1.],[1. 1. 1.],[1. 1. 1.],[0. 0. 0.],[0. 0. 0.],[0. 0. 0.],[1. 0. 0.],-0.0,0,0,0,0.0,-0.0,False
0.0,1.0,1.0,0.0,[1. 1. 1.],[1. 1. 1.],[1. 1. 1.],[0. 0. 0.],[0. 0. 0.],[0. 0. 0.],[1. 0. 0.],0,0.0,1.0,1.0,0.0,[1. 1. 1.],[1. 1. 1.],[1. 1. 1.],[0. 0. 0.],[0. 0. 0.],[0. 0. 0.],[1. 0. 0.],-0.0,0,0,0,0.0,-0.0,False
0.0,1.0,1.0,0.0,[1. 1. 1.],[1. 1. 1.],[1. 1. 1.],[0. 0. 0.],[0. 0. 0.],[0. 0. 0.],[1. 0. 0.],0,0.0,1.0,1.0,0.0,[1. 1. 1.],[1. 1. 1.],[1. 1. 1.],[0. 0. 0.],[0. 0. 0.],[0. 0. 0.],[1. 0. 0.],-0.0,0,0,0,0.0,-0.0,False
0.0,1.0,1.0,0.0,[1. 1. 1.],[1. 1. 1.],[1. 1. 1.],[0. 0. 0.],[0. 0. 0.],[0. 0. 0.],[1. 0. 0.],0,0.0,1.0,1.0,0.0,[1. 1. 1.],[1. 1. 1.],[1. 1. 1.],[0. 0. 0.],[0. 0. 0.],[0. 0. 0.],[1. 0. 0.],-0.0,0,0,0,0.0,-0.0,False
0.0,1.0,1.0,0.0,[1. 1. 1.],[1. 1. 1.],[1. 1. 1.],[0. 0. 0.],[0. 0. 0.],[0. 0. 0.],[1. 0. 0.],0,0.0,1.0,1.0,0.0,[1. 1. 1.],[1. 1. 1.],[1. 1. 1.],[0. 0. 0.],[0. 0. 0.],[0. 0. 0.],[1. 0. 0.],-0.0,0,0,0,0.0,-0.0,False
0.0,1.0,1.0,0.0,[1. 1. 1.],[1. 1. 1.],[1. 1. 1.],[0. 0. 0.],[0. 0. 0.],[0. 0. 0.],[1. 0. 0.],0,0.0,1.0,1.0,0.0,[1. 1. 1.],[1. 1. 1.],[1. 1. 1.],[0. 0. 0.],[0. 0. 0.],[0. 0. 0.],[1. 0. 0.],-0.0,0,0,0,0.0,-0.0,False
0.0,1.0,1.0,0.0,[1. 1. 1.],[1. 1. 1.],[1. 1. 1.],[0. 0. 0.],[0. 0. 0.],[0. 0. 0.],[1. 0. 0.],0,0.0,1.0,1.0,0.0,[1. 1. 1.],[1. 1. 1.],[1. 1. 1.],[0. 0. 0.],[0. 0. 0.],[0. 0. 0.],[1. 0. 0.],-0.0,0,0,0,0.0,-0.0,False
0.0,1.0,1.0,0.0,[1. 1. 1.],[1. 1. 1.],[1. 1. 1.],[0. 0. 0.],[0. 0. 0.],[0. 0. 0.],[1. 0. 0.],0,0.0,1.0,1.0,0.0,[1. 1. 1.],[1. 1. 1.],[1. 1. 1.],[0. 0. 0.],[0. 0. 0.],[0. 0. 0.],[1. 0. 0.],-0.0,0,0,0,0.0,-0.0,False
0.0,1.0,1.0,0.0,[1. 1. 1.],[1. 1. 1.],[1. 1. 1.],[0. 0. 0.],[0. 0. 0.],[0. 0. 0.],[1. 0. 0.],0,0.0,1.0,1.0,0.0,[1. 1. 1.],[1. 1. 1.],[1. 1. 1.],[0. 0. 0.],[0. 0. 0.],[0. 0. 0.],[1. 0. 0.],-0.0,0,0,0,0.0,-0.0,False
0.0,1.0,1.0,0.0,[1. 1. 1.],[1. 1. 1.],[1. 1. 1.],[0. 0. 0.],[0. 0. 0.],[0. 0. 0.],[1. 0. 0.],0,0.0,1.0,1.0,0.0,[1. 1. 1.],[1. 1. 1.],[1. 1. 1.],[0. 0. 0.],[0. 0. 0.],[0. 0. 0.],[1. 0. 0.],-0.0,0,0,0,0.0,-0.0,False
0.0,1.0,1.0,0.0,[1. 1. 1.],[1. 1. 1.],[1. 1. 1.],[0. 0. 0.],[0. 0. 0.],[0. 0. 0.],[1. 0. 0.],0,0.0,1.0,1.0,0.0,[1. 1. 1.],[1. 1. 1.],[1. 1. 1.],[0. 0. 0.],[0. 0. 0.],[0. 0. 0.],[1. 0. 0.],-0.0,0,0,0,0.0,-0.0,False
0.0,1.0,1.0,0.0,[1. 1. 1.],[1. 1. 1.],[1. 1. 1.],[0. 0. 0.],[0. 0. 0.],[0. 0. 0.],[1. 0. 0.],0,0.0,1.0,1.0,0.0,[1. 1. 1.],[1. 1. 1.],[1. 1. 1.],[0. 0. 0.],[0. 0. 0.],[0. 0. 0.],[1. 0. 0.],-0.0,0,0,0,0.0,-0.0,False
0.0,1.0,1.0,0.0,[1. 1. 1.],[1. 1. 1.],[1. 1. 1.],[0. 0. 0.],[0. 0. 0.],[0. 0. 0.],[1. 0. 0.],0,0.0,1.0,1.0,0.0,[1. 1. 1.],[1. 1. 1.],[1. 1. 1.],[0. 0. 0.],[0. 0. 0.],[0. 0. 0.],[1. 0. 0.],-0.0,0,0,0,0.0,-0.0,False
0.0,1.0,1.0,0.0,[1. 1. 1.],[1. 1. 1.],[1. 1. 1.],[0. 0. 0.],[0. 0. 0.],[0. 0. 0.],[1. 0. 0.],0,0.0,1.0,1.0,0.0,[1. 1. 1.],[1. 1. 1.],[1. 1. 1.],[0. 0. 0.],[0. 0. 0.],[0. 0. 0.],[1. 0. 0.],-0.0,0,0,0,0.0,-0.0,False
0.0,1.0,1.0,0.0,[1. 1. 1.],[1. 1. 1.],[1. 1. 1.],[0. 0. 0.],[0. 0. 0.],[0. 0. 0.],[1. 0. 0.],0,0.0,1.0,1.0,0.0,[1. 1. 1.],[1. 1. 1.],[1. 1. 1.],[0. 0. 0.],[0. 0. 0.],[0. 0. 0.],[1. 0. 0.],-0.0,0,0,0,0.0,-0.0,False
0.0,1.0,1.0,0.0,[1. 1. 1.],[1. 1. 1.],[1. 1. 1.],[0. 0. 0.],[0. 0. 0.],[0. 0. 0.],[1. 0. 0.],0,0.0,1.0,1.0,0.0,[1. 1. 1.],[1. 1. 1.],[1. 1. 1.],[0. 0. 0.],[0. 0. 0.],[0. 0. 0.],[1. 0. 0.],-0.0,0,0,0,0.0,-0.0,False
0.0,1.0,1.0,0.0,[1. 1. 1.],[1. 1. 1.],[1. 1. 1.],[0. 0. 0.],[0. 0. 0.],[0. 0. 0.],[1. 0. 0.],0,0.0,1.0,1.0,0.0,[1. 1. 1.],[1. 1. 1.],[1. 1. 1.],[0. 0. 0.],[0. 0. 0.],[0. 0. 0.],[1. 0. 0.],-0.0,0,0,0,0.0,-0.0,False
0.0,1.0,1.0,0.0,[1. 1. 1.],[1. 1. 1.],[1. 1. 1.],[0. 0. 0.],[0. 0. 0.],[0. 0. 0.],[1. 0. 0.],0,0.0,1.0,1.0,0.0,[1. 1. 1.],[1. 1. 1.],[1. 1. 1.],[0. 0. 0.],[0. 0. 0.],[0. 0. 0.],[1. 0. 0.],-0.0,0,0,0,0.0,-0.0,False
0.0,1.0,1.0,0.0,[1. 1. 1.],[1. 1. 1.],[1. 1. 1.],[0. 0. 0.],[0. 0. 0.],[0. 0. 0.],[1. 0. 0.],0,0.0,1.0,1.0,0.0,[1. 1. 1.],[1. 1. 1.],[1. 1. 1.],[0. 0. 0.],[0. 0. 0.],[0. 0. 0.],[1. 0. 0.],-0.0,0,0,0,0.0,-0.0,False
0.0,1.0,1.0,0.0,[1. 1. 1.],[1. 1. 1.],[1. 1. 1.],[0. 0. 0.],[0. 0. 0.],[0. 0. 0.],[1. 0. 0.],0,0.0,1.0,1.0,0.0,[1. 1. 1.],[1. 1. 1.],[1. 1. 1.],[0. 0. 0.],[0. 0. 0.],[0. 0. 0.],[1. 0. 0.],-0.0,0,0,0,0.0,-0.0,False
0.0,1.0,1.0,0.0,[1. 1. 1.],[1. 1. 1.],[1. 1. 1.],[0. 0. 0.],[0. 0. 0.],[0. 0. 0.],[1. 0. 0.],0,0.0,1.0,1.0,0.0,[1. 1. 1.],[1. 1. 1.],[1. 1. 1.],[0. 0. 0.],[0. 0. 0.],[0. 0. 0.],[1. 0. 0.],-0.0,0,0,0,0.0,-0.0,False
0.0,1.0,1.0,0.0,[1. 1. 1.],[1. 1. 1.],[1. 1. 1.],[0. 0. 0.],[0. 0. 0.],[0. 0. 0.],[1. 0. 0.],0,0.0,1.0,1.0,0.0,[1. 1. 1.],[1. 1. 1.],[1. 1. 1.],[0. 0. 0.],[0. 0. 0.],[0. 0. 0.],[1. 0. 0.],-0.0,0,0,0,0.0,-0.0,False
0.0,1.0,1.0,0.0,[1. 1. 1.],[1. 1. 1.],[1. 1. 1.],[0. 0. 0.],[0. 0. 0.],[0. 0. 0.],[1. 0. 0.],0,0.0,1.0,1.0,0.0,[1. 1. 1.],[1. 1. 1.],[1. 1. 1.],[0. 0. 0.],[0. 0. 0.],[0. 0. 0.],[1. 0. 0.],-0.0,0,0,0,0.0,-0.0,False
0.0,1.0,1.0,0.0,[1. 1. 1.],[1. 1. 1.],[1. 1. 1.],[0. 0. 0.],[0. 0. 0.],[0. 0. 0.],[1. 0. 0.],0,0.0,1.0,1.0,0.0,[1. 1. 1.],[1. 1. 1.],[1. 1. 1.],[0. 0. 0.],[0. 0. 0.],[0. 0. 0.],[1. 0. 0.],-0.0,0,0,0,0.0,-0.0,False
0.0,1.0,1.0,0.0,[1. 1. 1.],[1. 1. 1.],[1. 1. 1.],[0. 0. 0.],[0. 0. 0.],[0. 0. 0.],[1. 0. 0.],0,0.0,1.0,1.0,0.0,[1. 1. 1.],[1. 1. 1.],[1. 1. 1.],[0. 0. 0.],[0. 0. 0.],[0. 0. 0.],[1. 0. 0.],-0.0,0,0,0,0.0,-0.0,False
0.0,1.0,1.0,0.0,[1. 1. 1.],[1. 1. 1.],[1. 1. 1.],[0. 0. 0.],[0. 0. 0.],[0. 0. 0.],[1. 0. 0.],0,0.0,1.0,1.0,0.0,[1. 1. 1.],[1. 1. 1.],[1. 1. 1.],[0. 0. 0.],[0. 0. 0.],[0. 0. 0.],[1. 0. 0.],-0.0,0,0,0,0.0,-0.0,False
0.0,1.0,1.0,0.0,[1. 1. 1.],[1. 1. 1.],[1. 1. 1.],[0. 0. 0.],[0. 0. 0.],[0. 0. 0.],[1. 0. 0.],0,0.0,1.0,1.0,0.0,[1. 1. 1.],[1. 1. 1.],[1. 1. 1.],[0. 0. 0.],[0. 0. 0.],[0. 0. 0.],[1. 0. 0.],-0.0,0,0,0,0.0,-0.0,False
0.0,1.0,1.0,0.0,[1. 1. 1.],[1. 1. 1.],[1. 1. 1.],[0. 0. 0.],[0. 0. 0.],[0. 0. 0.],[1. 0. 0.],0,0.0,1.0,1.0,0.0,[1. 1. 1.],[1. 1. 1.],[1. 1. 1.],[0. 0. 0.],[0. 0. 0.],[0. 0. 0.],[1. 0. 0.],-0.0,0,0,0,0.0,-0.0,False
0.0,1.0,1.0,0.0,[1. 1. 1.],[1. 1. 1.],[1. 1. 1.],[0. 0. 0.],[0. 0. 0.],[0. 0. 0.],[1. 0. 0.],0,0.0,1.0,1.0,0.0,[1. 1. 1.],[1. 1. 1.],[1. 1. 1.],[0. 0. 0.],[0. 0. 0.],[0. 0. 0.],[1. 0. 0.],-0.0,0,0,0,0.0,-0.0,False
0.0,1.0,1.0,0.0,[1. 1. 1.],[1. 1. 1.],[1. 1. 1.],[0. 0. 0.],[0. 0. 0.],[0. 0. 0.],[1. 0. 0.],0,0.0,1.0,1.0,0.0,[1. 1. 1.],[1. 1. 1.],[1. 1. 1.],[0. 0. 0.],[0. 0. 0.],[0. 0. 0.],[1. 0. 0.],-0.0,0,0,0,0.0,-0.0,False
0.0,1.0,1.0,0.0,[1. 1. 1.],[1. 1. 1.],[1. 1. 1.],[0. 0. 0.],[0. 0. 0.],[0. 0. 0.],[1. 0. 0.],0,0.0,1.0,1.0,0.0,[1. 1. 1.],[1. 1. 1.],[1. 1. 1.],[0. 0. 0.],[0. 0. 0.],[0. 0. 0.],[1. 0. 0.],-0.0,0,0,0,0.0,-0.0,False
0.0,1.0,1.0,0.0,[1. 1. 1.],[1. 1. 1.],[1. 1. 1.],[0. 0. 0.],[0. 0. 0.],[0. 0. 0.],[1. 0. 0.],0,0.0,1.0,1.0,0.0,[1. 1. 1.],[1. 1. 1.],[1. 1. 1.],[0. 0. 0.],[0. 0. 0.],[0. 0. 0.],[1. 0. 0.],-0.0,0,0,0,0.0,-0.0,False
0.0,1.0,1.0,0.0,[1. 1. 1.],[1. 1. 1.],[1. 1. 1.],[0. 0. 0.],[0. 0. 0.],[0. 0. 0.],[1. 0. 0.],0,0.0,1.0,1.0,0.0,[1. 1. 1.],[1. 1. 1.],[1. 1. 1.],[0. 0. 0.],[0. 0. 0.],[0. 0. 0.],[1. 0. 0.],-0.0,0,0,0,0.0,-0.0,False
0.0,1.0,1.0,0.0,[1. 1. 1.],[1. 1. 1.],[1. 1. 1.],[0. 0. 0.],[0. 0. 0.],[0. 0. 0.],[1. 0. 0.],0,0.0,1.0,1.0,0.0,[1. 1. 1.],[1. 1. 1.],[1. 1. 1.],[0. 0. 0.],[0. 0. 0.],[0. 0. 0.],[1. 0. 0.],-0.0,0,0,0,0.0,-0.0,False
0.0,1.0,1.0,0.0,[1. 1. 1.],[1. 1. 1.],[1. 1. 1.],[0. 0. 0.],[0. 0. 0.],[0. 0. 0.],[1. 0. 0.],0,0.0,1.0,1.0,0.0,[1. 1. 1.],[1. 1. 1.],[1. 1. 1.],[0. 0. 0.],[0. 0. 0.],[0. 0. 0.],[1. 0. 0.],-0.0,0,0,0,0.0,-0.0,False
0.0,1.0,1.0,0.0,[1. 1. 1.],[1. 1. 1.],[1. 1. 1.],[0. 0. 0.],[0. 0. 0.],[0. 0. 0.],[1. 0. 0.],0,0.0,1.0,1.0,0.0,[1. 1. 1.],[1. 1. 1.],[1. 1. 1.],[0. 0. 0.],[0. 0. 0.],[0. 0. 0.],[1. 0. 0.],-0.0,0,0,0,0.0,-0.0,False
0.0,1.0,1.0,0.0,[1. 1. 1.],[1. 1. 1.],[1. 1. 1.],[0. 0. 0.],[0. 0. 0.],[0. 0. 0.],[1. 0. 0.],0,0.0,1.0,1.0,0.0,[1. 1. 1.],[1. 1. 1.],[1. 1. 1.],[0. 0. 0.],[0. 0. 0.],[0. 0. 0.],[1. 0. 0.],-0.0,0,0,0,0.0,-0.0,False
0.0,1.0,1.0,0.0,[1. 1. 1.],[1. 1. 1.],[1. 1. 1.],[0. 0. 0.],[0. 0. 0.],[0. 0. 0.],[1. 0. 0.],0,0.0,1.0,1.0,0.0,[1. 1. 1.],[1. 1. 1.],[1. 1. 1.],[0. 0. 0.],[0. 0. 0.],[0. 0. 0.],[1. 0. 0.],-0.0,0,0,0,0.0,-0.0,False
0.0,1.0,1.0,0.0,[1. 1. 1.],[1. 1. 1.],[1. 1. 1.],[0. 0. 0.],[0. 0. 0.],[0. 0. 0.],[1. 0. 0.],0,0.0,1.0,1.0,0.0,[1. 1. 1.],[1. 1. 1.],[1. 1. 1.],[0. 0. 0.],[0. 0. 0.],[0. 0. 0.],[1. 0. 0.],-0.0,0,0,0,0.0,-0.0,False
0.0,1.0,1.0,0.0,[1. 1. 1.],[1. 1. 1.],[1. 1. 1.],[0. 0. 0.],[0. 0. 0.],[0. 0. 0.],[1. 0. 0.],0,0.0,1.0,1.0,0.0,[1. 1. 1.],[1. 1. 1.],[1. 1. 1.],[0. 0. 0.],[0. 0. 0.],[0. 0. 0.],[1. 0. 0.],-0.0,0,0,0,0.0,-0.0,False
0.0,1.0,1.0,0.0,[1. 1. 1.],[1. 1. 1.],[1. 1. 1.],[0. 0. 0.],[0. 0. 0.],[0. 0. 0.],[1. 0. 0.],0,0.0,1.0,1.0,0.0,[1. 1. 1.],[1. 1. 1.],[1. 1. 1.],[0. 0. 0.],[0. 0. 0.],[0. 0. 0.],[1. 0. 0.],-0.0,0,0,0,0.0,-0.0,False
0.0,1.0,1.0,0.0,[1. 1. 1.],[1. 1. 1.],[1. 1. 1.],[0. 0. 0.],[0. 0. 0.],[0. 0. 0.],[1. 0. 0.],0,0.0,1.0,1.0,0.0,[1. 1. 1.],[1. 1. 1.],[1. 1. 1.],[0. 0. 0.],[0. 0. 0.],[0. 0. 0.],[1. 0. 0.],-0.0,0,0,0,0.0,-0.0,True
